21,Organic Whole Milk
28,"Organic Whole String Cheese, Organic Whole String Cheese, Organic Whole Milk, Organic Whole Milk, Organic Whole Milk, Organic Cilantro, Grated Parmesan, Organic Italian Parsley Bunch, Spinach Peas & Pear Stage 2 Baby Food, Baby Food Stage 2 Blueberry Pear & Purple Carrot, Organic Italian Parsley Bunch, Spinach Peas & Pear Stage 2 Baby Food, Baby Food Stage 2 Blueberry Pear & Purple Carrot"
36,
54,"Organic Whole String Cheese, Organic Whole String Cheese, Organic Whole String Cheese, Organic Whole Milk, Organic Whole Milk, Organic Whole Milk, Organic Whole Milk, Organic Whole Milk, Organic Italian Parsley Bunch, Extra Virgin Olive Oil, Spinach Peas & Pear Stage 2 Baby Food, Baby Food Stage 2 Blueberry Pear & Purple Carrot, Organic Cilantro, Organic Cilantro, Organic Italian Parsley Bunch, Grated Parmesan, Spinach Peas & Pear Stage 2 Baby Food, Baby Food Stage 2 Blueberry Pear & Purple Carrot, Baby Food Stage 2 Blueberry Pear & Purple Carrot"
63,"Organic Whole String Cheese, Organic Whole Milk, Organic Whole Milk, Organic Italian Parsley Bunch, Spinach Peas & Pear Stage 2 Baby Food, Baby Food Stage 2 Blueberry Pear & Purple Carrot"
67,
87,
112,
118,
122,
132,"Broccoli & Apple Stage 2 Baby Food, Stage 1 Apples Sweet Potatoes Pumpkin & Blueberries Organic Pureed Baby Food, Blueberries, Happy Baby Spinach, Mango, and Pear Baby Food, Organic Strawberry Yogurt & Fruit Snack, Organic Mixed Berry Yogurt & Fruit Snack, Organic Whole String Cheese, Sweeet Potato, Apple, Carrot & Cinnamon Organic Superfoods, Organic Stage 4 Green Bean Pear & Pea Baby Food, Boneless Skinless Chicken Breasts, Organic Black Beans, Original Hummus, Extra Virgin Olive Oil, Organic Cilantro, Grated Parmesan, Organic Italian Parsley Bunch, Spinach Peas & Pear Stage 2 Baby Food, Feta Cheese Crumbles, Baby Food Stage 2 Blueberry Pear & Purple Carrot"
138,
142,"Organic Whole Milk, Organic Italian Parsley Bunch, Spinach Peas & Pear Stage 2 Baby Food, Baby Food Stage 2 Blueberry Pear & Purple Carrot"
146,"Organic Whole Milk, Organic Whole Milk, Organic Italian Parsley Bunch, Spinach Peas & Pear Stage 2 Baby Food, Baby Food Stage 2 Blueberry Pear & Purple Carrot"
150,
174,"Organic Whole String Cheese, Organic Whole Milk, Organic Whole Milk, Extra Virgin Olive Oil, Organic Cilantro, Grated Parmesan, Baby Food Stage 2 Blueberry Pear & Purple Carrot"
187,
195,
204,"Organic Whole String Cheese, Organic Whole String Cheese, Organic Whole Milk, Organic Whole Milk, Extra Virgin Olive Oil, Grated Parmesan, Organic Italian Parsley Bunch, Organic Cilantro, Spinach Peas & Pear Stage 2 Baby Food, Baby Food Stage 2 Blueberry Pear & Purple Carrot, Grated Parmesan, Baby Food Stage 2 Blueberry Pear & Purple Carrot"
206,"Organic Whole String Cheese, Organic Whole String Cheese, Organic Whole Milk, Organic Whole Milk, Organic Whole Milk, Organic Whole Milk, Organic Italian Parsley Bunch, Spinach Peas & Pear Stage 2 Baby Food, Baby Food Stage 2 Blueberry Pear & Purple Carrot, Organic Cilantro, Grated Parmesan, Organic Italian Parsley Bunch, Spinach Peas & Pear Stage 2 Baby Food, Baby Food Stage 2 Blueberry Pear & Purple Carrot, Organic Italian Parsley Bunch, Spinach Peas & Pear Stage 2 Baby Food, Baby Food Stage 2 Blueberry Pear & Purple Carrot"
1764,
2175,
3512,"Organic Whole String Cheese, Organic Whole Milk, Grated Parmesan, Organic Italian Parsley Bunch, Spinach Peas & Pear Stage 2 Baby Food, Baby Food Stage 2 Blueberry Pear & Purple Carrot"
3514,Organic Whole Milk
3523,
3531,
3549,"Organic Whole String Cheese, Organic Whole String Cheese, Organic Whole Milk, Organic Whole Milk, Extra Virgin Olive Oil, Grated Parmesan, Organic Italian Parsley Bunch, Organic Cilantro, Spinach Peas & Pear Stage 2 Baby Food, Baby Food Stage 2 Blueberry Pear & Purple Carrot, Grated Parmesan, Baby Food Stage 2 Blueberry Pear & Purple Carrot"
3558,"Organic Whole String Cheese, Organic Whole Milk, Organic Cilantro, Organic Italian Parsley Bunch, Spinach Peas & Pear Stage 2 Baby Food, Baby Food Stage 2 Blueberry Pear & Purple Carrot"
3562,"Organic Whole Milk, Organic Whole String Cheese, Organic Whole String Cheese, Organic Whole String Cheese, Organic Whole Milk, Organic Whole Milk, Organic Whole Milk, Organic Cilantro, Grated Parmesan, Organic Italian Parsley Bunch, Spinach Peas & Pear Stage 2 Baby Food, Baby Food Stage 2 Blueberry Pear & Purple Carrot, Organic Italian Parsley Bunch, Spinach Peas & Pear Stage 2 Baby Food, Baby Food Stage 2 Blueberry Pear & Purple Carrot"
3571,"Organic Whole String Cheese, Organic Whole Milk, Grated Parmesan, Organic Italian Parsley Bunch, Spinach Peas & Pear Stage 2 Baby Food, Baby Food Stage 2 Blueberry Pear & Purple Carrot"
3584,"Baby Food Stage 2 Pumpkin Banana, Organic Whole Milk, Broccoli & Apple Stage 2 Baby Food, Spinach Peas & Pear Stage 2 Baby Food, Broccoli & Apple Stage 2 Baby Food, Baby Food Stage 2 Blueberry Pear & Purple Carrot, Apple and Carrot Stage 2 Baby Food, Peach,  Apricot & Banana Stage 2 Baby Food, Stage 1 Apples Sweet Potatoes Pumpkin & Blueberries Organic Pureed Baby Food, Stage 1 Apples Sweet Potatoes Pumpkin & Blueberries Organic Pureed Baby Food, Stage 1 Apples Sweet Potatoes Pumpkin & Blueberries Organic Pureed Baby Food, Blueberries, Baby Food Stage 2 Pumpkin Banana, Happy Baby Spinach, Mango, and Pear Baby Food, Happy Baby Spinach, Mango, and Pear Baby Food, Organic Strawberry Yogurt & Fruit Snack, Organic Mixed Berry Yogurt & Fruit Snack, Organic Whole String Cheese, Organic Whole String Cheese, Organic Whole String Cheese, Organic Whole String Cheese, Sweeet Potato, Apple, Carrot & Cinnamon Organic Superfoods, Organic Stage 4 Green Bean Pear & Pea Baby Food, Boneless Skinless Chicken Breasts, Organic Black Beans, Organic Whole Milk, Original Hummus, Organic Whole Milk, Extra Virgin Olive Oil, Organic Cilantro, Organic Whole Milk, Grated Parmesan, Organic Italian Parsley Bunch, Spinach Peas & Pear Stage 2 Baby Food, Organic Whole Milk, Organic Whole Milk, Feta Cheese Crumbles, Baby Food Stage 2 Blueberry Pear & Purple Carrot, Stage 2 Sweet Potato Corn & Apple Baby Food, Organic Pears, Peas and Broccoli Puree Stage 1, Organic 4 Months Butternut Squash Carrots Apples + Prunes Baby Food, Organic Italian Parsley Bunch, Spinach Peas & Pear Stage 2 Baby Food, Extra Virgin Olive Oil, Baby Food Stage 2 Blueberry Pear & Purple Carrot, Organic Cilantro, Organic Cilantro, Organic Italian Parsley Bunch, Spinach Peas & Pear Stage 2 Baby Food, Grated Parmesan, Baby Food Stage 2 Blueberry Pear & Purple Carrot, Pear & Mango Stage 2 Baby Food, Baby Food Stage 2 Blueberry Pear & Purple Carrot, Apple and Carrot Stage 2 Baby Food"
3593,"Organic Whole Milk, Organic Whole String Cheese, Organic Whole String Cheese, Organic Whole Milk, Organic Whole Milk, Organic Whole Milk, Organic Italian Parsley Bunch, Spinach Peas & Pear Stage 2 Baby Food, Baby Food Stage 2 Blueberry Pear & Purple Carrot, Grated Parmesan, Organic Italian Parsley Bunch, Spinach Peas & Pear Stage 2 Baby Food, Baby Food Stage 2 Blueberry Pear & Purple Carrot"
4356,"Broccoli & Apple Stage 2 Baby Food, Stage 1 Apples Sweet Potatoes Pumpkin & Blueberries Organic Pureed Baby Food, Blueberries, Happy Baby Spinach, Mango, and Pear Baby Food, Organic Strawberry Yogurt & Fruit Snack, Organic Mixed Berry Yogurt & Fruit Snack, Organic Whole String Cheese, Sweeet Potato, Apple, Carrot & Cinnamon Organic Superfoods, Organic Stage 4 Green Bean Pear & Pea Baby Food, Boneless Skinless Chicken Breasts, Organic Black Beans, Original Hummus, Extra Virgin Olive Oil, Organic Cilantro, Grated Parmesan, Organic Italian Parsley Bunch, Spinach Peas & Pear Stage 2 Baby Food, Organic Whole Milk, Feta Cheese Crumbles, Baby Food Stage 2 Blueberry Pear & Purple Carrot"
4692,
5159,"Organic Whole Milk, Organic Whole Milk"
5760,
6308,
6340,
8215,
9509,
14396,
15236,
16761,
16931,"Organic Cilantro, Organic Italian Parsley Bunch"
17058,
17339,"Organic Whole Milk, Organic Italian Parsley Bunch, Spinach Peas & Pear Stage 2 Baby Food, Baby Food Stage 2 Blueberry Pear & Purple Carrot"
17579,
17588,
17591,"Organic Whole String Cheese, Organic Whole Milk, Organic Whole Milk, Organic Italian Parsley Bunch, Spinach Peas & Pear Stage 2 Baby Food, Baby Food Stage 2 Blueberry Pear & Purple Carrot, Grated Parmesan, Organic Italian Parsley Bunch, Spinach Peas & Pear Stage 2 Baby Food, Baby Food Stage 2 Blueberry Pear & Purple Carrot"
17596,
17597,"Organic Whole String Cheese, Organic Whole Milk, Grated Parmesan, Organic Italian Parsley Bunch, Spinach Peas & Pear Stage 2 Baby Food, Baby Food Stage 2 Blueberry Pear & Purple Carrot"
17609,"Organic Whole Milk, Organic Whole String Cheese, Organic Whole String Cheese, Organic Whole Milk, Organic Whole Milk, Grated Parmesan, Organic Italian Parsley Bunch, Spinach Peas & Pear Stage 2 Baby Food, Baby Food Stage 2 Blueberry Pear & Purple Carrot"
17615,"Organic Whole Milk, Original Hummus, Organic Cilantro, Grated Parmesan, Organic Italian Parsley Bunch, Spinach Peas & Pear Stage 2 Baby Food, Baby Food Stage 2 Blueberry Pear & Purple Carrot, Organic Whole Milk"
17622,"Organic Whole String Cheese, Organic Whole String Cheese, Organic Whole Milk, Organic Whole Milk, Organic Whole Milk, Organic Whole Milk, Organic Italian Parsley Bunch, Extra Virgin Olive Oil, Spinach Peas & Pear Stage 2 Baby Food, Baby Food Stage 2 Blueberry Pear & Purple Carrot, Grated Parmesan, Organic Italian Parsley Bunch, Organic Cilantro, Spinach Peas & Pear Stage 2 Baby Food, Baby Food Stage 2 Blueberry Pear & Purple Carrot, Grated Parmesan, Baby Food Stage 2 Blueberry Pear & Purple Carrot"
17630,"Organic Whole String Cheese, Organic Whole Milk, Organic Whole Milk, Organic Italian Parsley Bunch, Spinach Peas & Pear Stage 2 Baby Food, Baby Food Stage 2 Blueberry Pear & Purple Carrot, Grated Parmesan, Organic Italian Parsley Bunch, Spinach Peas & Pear Stage 2 Baby Food, Baby Food Stage 2 Blueberry Pear & Purple Carrot"
17633,"Broccoli & Apple Stage 2 Baby Food, Stage 1 Apples Sweet Potatoes Pumpkin & Blueberries Organic Pureed Baby Food, Organic Whole Milk, Blueberries, Happy Baby Spinach, Mango, and Pear Baby Food, Organic Strawberry Yogurt & Fruit Snack, Organic Mixed Berry Yogurt & Fruit Snack, Organic Whole String Cheese, Organic Whole String Cheese, Sweeet Potato, Apple, Carrot & Cinnamon Organic Superfoods, Organic Stage 4 Green Bean Pear & Pea Baby Food, Boneless Skinless Chicken Breasts, Organic Black Beans, Original Hummus, Organic Whole Milk, Extra Virgin Olive Oil, Organic Cilantro, Grated Parmesan, Organic Italian Parsley Bunch, Organic Whole Milk, Spinach Peas & Pear Stage 2 Baby Food, Feta Cheese Crumbles, Baby Food Stage 2 Blueberry Pear & Purple Carrot, Organic Italian Parsley Bunch, Extra Virgin Olive Oil, Spinach Peas & Pear Stage 2 Baby Food, Baby Food Stage 2 Blueberry Pear & Purple Carrot, Organic Cilantro, Grated Parmesan, Baby Food Stage 2 Blueberry Pear & Purple Carrot"
17649,"Organic Whole String Cheese, Organic Whole String Cheese, Organic Whole Milk, Organic Whole Milk, Extra Virgin Olive Oil, Organic Cilantro, Organic Cilantro, Organic Italian Parsley Bunch, Grated Parmesan, Spinach Peas & Pear Stage 2 Baby Food, Baby Food Stage 2 Blueberry Pear & Purple Carrot, Baby Food Stage 2 Blueberry Pear & Purple Carrot"
18488,"Organic Cilantro, Organic Italian Parsley Bunch, Organic Cilantro, Organic Italian Parsley Bunch"
18561,
19077,
19702,
20266,"Organic Whole Milk, Bunched Cilantro, Extra Virgin Olive Oil, Organic Cilantro, Grated Parmesan, Organic Italian Parsley Bunch, Organic Italian Parsley Bunch"
20278,"Broccoli & Apple Stage 2 Baby Food, Stage 1 Apples Sweet Potatoes Pumpkin & Blueberries Organic Pureed Baby Food, Organic Whole Milk, Blueberries, Happy Baby Spinach, Mango, and Pear Baby Food, Organic Strawberry Yogurt & Fruit Snack, Organic Mixed Berry Yogurt & Fruit Snack, Organic Whole String Cheese, Organic Whole String Cheese, Sweeet Potato, Apple, Carrot & Cinnamon Organic Superfoods, Organic Stage 4 Green Bean Pear & Pea Baby Food, Boneless Skinless Chicken Breasts, Organic Black Beans, Original Hummus, Extra Virgin Olive Oil, Organic Cilantro, Organic Whole Milk, Grated Parmesan, Organic Italian Parsley Bunch, Spinach Peas & Pear Stage 2 Baby Food, Feta Cheese Crumbles, Baby Food Stage 2 Blueberry Pear & Purple Carrot, Grated Parmesan, Organic Italian Parsley Bunch, Spinach Peas & Pear Stage 2 Baby Food, Baby Food Stage 2 Blueberry Pear & Purple Carrot"
20300,"Broccoli & Apple Stage 2 Baby Food, Stage 1 Apples Sweet Potatoes Pumpkin & Blueberries Organic Pureed Baby Food, Blueberries, Happy Baby Spinach, Mango, and Pear Baby Food, Organic Strawberry Yogurt & Fruit Snack, Organic Mixed Berry Yogurt & Fruit Snack, Organic Whole String Cheese, Sweeet Potato, Apple, Carrot & Cinnamon Organic Superfoods, Organic Stage 4 Green Bean Pear & Pea Baby Food, Boneless Skinless Chicken Breasts, Organic Black Beans, Original Hummus, Extra Virgin Olive Oil, Organic Cilantro, Grated Parmesan, Organic Italian Parsley Bunch, Spinach Peas & Pear Stage 2 Baby Food, Feta Cheese Crumbles, Baby Food Stage 2 Blueberry Pear & Purple Carrot"
20309,"Organic Whole String Cheese, Organic Whole String Cheese, Organic Whole Milk, Organic Whole Milk, Organic Whole Milk, Grated Parmesan, Organic Italian Parsley Bunch, Spinach Peas & Pear Stage 2 Baby Food, Baby Food Stage 2 Blueberry Pear & Purple Carrot"
20320,"Banana & Mango Organic Yogurt & Fruit Snacks , Organic Strawberry Yogurt & Fruit Snack, Organic Mixed Berry Yogurt & Fruit Snack, Organic Strawberry Yogurt & Fruit Snack, Organic Whole Milk, Banana & Mango Organic Yogurt & Fruit Snacks , Organic Mixed Berry Yogurt & Fruit Snack, Organic Whole Milk, Organic Whole String Cheese, Organic Whole String Cheese, Organic Whole Milk, Organic Whole Milk, Organic Whole Milk, Organic Italian Parsley Bunch, Extra Virgin Olive Oil, Spinach Peas & Pear Stage 2 Baby Food, Baby Food Stage 2 Blueberry Pear & Purple Carrot, Organic Cilantro, Organic Cilantro, Organic Italian Parsley Bunch, Grated Parmesan, Spinach Peas & Pear Stage 2 Baby Food, Baby Food Stage 2 Blueberry Pear & Purple Carrot, Baby Food Stage 2 Blueberry Pear & Purple Carrot"
20322,"Organic Cilantro, Organic Italian Parsley Bunch, Organic Whole Milk, Bunched Cilantro, Extra Virgin Olive Oil, Organic Cilantro, Grated Parmesan, Organic Italian Parsley Bunch, Organic Thyme, Organic Basil"
20323,Organic Whole Milk
20329,
20334,"Broccoli & Apple Stage 2 Baby Food, Stage 1 Apples Sweet Potatoes Pumpkin & Blueberries Organic Pureed Baby Food, Blueberries, Happy Baby Spinach, Mango, and Pear Baby Food, Organic Strawberry Yogurt & Fruit Snack, Organic Mixed Berry Yogurt & Fruit Snack, Organic Whole String Cheese, Organic Whole String Cheese, Sweeet Potato, Apple, Carrot & Cinnamon Organic Superfoods, Organic Stage 4 Green Bean Pear & Pea Baby Food, Boneless Skinless Chicken Breasts, Organic Black Beans, Original Hummus, Extra Virgin Olive Oil, Organic Cilantro, Organic Whole Milk, Grated Parmesan, Organic Italian Parsley Bunch, Spinach Peas & Pear Stage 2 Baby Food, Feta Cheese Crumbles, Baby Food Stage 2 Blueberry Pear & Purple Carrot, Organic Cilantro, Organic Italian Parsley Bunch, Spinach Peas & Pear Stage 2 Baby Food, Baby Food Stage 2 Blueberry Pear & Purple Carrot"
20339,"Organic Whole Milk, Organic Whole Milk, Organic Italian Parsley Bunch, Spinach Peas & Pear Stage 2 Baby Food, Baby Food Stage 2 Blueberry Pear & Purple Carrot"
20373,
21138,
21332,"Organic Whole Milk, Organic Cilantro, Organic Italian Parsley Bunch, Bunched Cilantro, Organic Cilantro, Extra Virgin Olive Oil, Organic Italian Parsley Bunch, Grated Parmesan, Organic Italian Parsley Bunch"
23346,
25282,"Organic Whole String Cheese, Organic Whole Milk, Organic Whole Milk, Organic Italian Parsley Bunch, Extra Virgin Olive Oil, Spinach Peas & Pear Stage 2 Baby Food, Baby Food Stage 2 Blueberry Pear & Purple Carrot, Organic Cilantro, Grated Parmesan, Baby Food Stage 2 Blueberry Pear & Purple Carrot"
25419,
27525,
29335,"Broccoli & Apple Stage 2 Baby Food, Stage 1 Apples Sweet Potatoes Pumpkin & Blueberries Organic Pureed Baby Food, Blueberries, Happy Baby Spinach, Mango, and Pear Baby Food, Organic Strawberry Yogurt & Fruit Snack, Organic Mixed Berry Yogurt & Fruit Snack, Organic Whole String Cheese, Sweeet Potato, Apple, Carrot & Cinnamon Organic Superfoods, Organic Stage 4 Green Bean Pear & Pea Baby Food, Boneless Skinless Chicken Breasts, Organic Whole Milk, Organic Black Beans, Original Hummus, Extra Virgin Olive Oil, Organic Cilantro, Grated Parmesan, Organic Italian Parsley Bunch, Spinach Peas & Pear Stage 2 Baby Food, Feta Cheese Crumbles, Baby Food Stage 2 Blueberry Pear & Purple Carrot"
29908,"Organic Cilantro, Organic Italian Parsley Bunch, Organic Cilantro, Organic Italian Parsley Bunch"
31010,
32597,
33727,"Organic Cilantro, Organic Italian Parsley Bunch"
34602,
35352,
36285,Organic Whole Milk
38282,
38796,"Broccoli & Apple Stage 2 Baby Food, Baby Food Stage 2 Pumpkin Banana, Organic Whole Milk, Spinach Peas & Pear Stage 2 Baby Food, Broccoli & Apple Stage 2 Baby Food, Baby Food Stage 2 Blueberry Pear & Purple Carrot, Broccoli & Apple Stage 2 Baby Food, Apple and Carrot Stage 2 Baby Food, Peach,  Apricot & Banana Stage 2 Baby Food, Spinach Peas & Pear Stage 2 Baby Food, Baby Food Stage 2 Pumpkin Banana, Baby Food Stage 2 Blueberry Pear & Purple Carrot, Happy Baby Spinach, Mango, and Pear Baby Food, Organic Whole String Cheese, Organic Whole Milk, Stage 2 Sweet Potato Corn & Apple Baby Food, Extra Virgin Olive Oil, Organic Cilantro, Grated Parmesan, Pear & Mango Stage 2 Baby Food, Baby Food Stage 2 Blueberry Pear & Purple Carrot, Spinach Peas & Pear Stage 2 Baby Food, Apple and Carrot Stage 2 Baby Food, Baby Food Stage 2 Blueberry Pear & Purple Carrot"
38837,"Organic Whole Milk, Original Hummus, Organic Cilantro, Grated Parmesan, Organic Italian Parsley Bunch, Spinach Peas & Pear Stage 2 Baby Food, Baby Food Stage 2 Blueberry Pear & Purple Carrot"
39633,
43592,
47909,
48828,
50113,Organic Whole Milk
51021,
51243,
51457,"Organic Cilantro, Organic Italian Parsley Bunch"
53715,
55047,
58589,
59032,"Organic Whole Milk, Organic Whole Milk, Bunched Cilantro, Bunched Cilantro, Organic Cilantro, Extra Virgin Olive Oil, Organic Italian Parsley Bunch, Extra Virgin Olive Oil, Grated Parmesan, Organic Italian Parsley Bunch, Organic Cilantro, Grated Parmesan, Organic Italian Parsley Bunch, Organic Thyme, Organic Basil"
61434,"Organic Cilantro, Organic Italian Parsley Bunch"
62045,"Organic Whole Milk, Organic Whole Milk, Organic Italian Parsley Bunch, Spinach Peas & Pear Stage 2 Baby Food, Baby Food Stage 2 Blueberry Pear & Purple Carrot"
63149,"Broccoli & Apple Stage 2 Baby Food, Stage 1 Apples Sweet Potatoes Pumpkin & Blueberries Organic Pureed Baby Food, Blueberries, Happy Baby Spinach, Mango, and Pear Baby Food, Organic Strawberry Yogurt & Fruit Snack, Organic Mixed Berry Yogurt & Fruit Snack, Organic Whole String Cheese, Sweeet Potato, Apple, Carrot & Cinnamon Organic Superfoods, Organic Stage 4 Green Bean Pear & Pea Baby Food, Boneless Skinless Chicken Breasts, Organic Black Beans, Original Hummus, Extra Virgin Olive Oil, Organic Cilantro, Grated Parmesan, Organic Italian Parsley Bunch, Spinach Peas & Pear Stage 2 Baby Food, Feta Cheese Crumbles, Baby Food Stage 2 Blueberry Pear & Purple Carrot"
63309,
64231,Organic Whole Milk
64243,
65293,
66547,
66562,
67584,
68828,"Organic Whole Milk, Original Hummus, Organic Cilantro, Grated Parmesan, Organic Whole String Cheese, Organic Italian Parsley Bunch, Spinach Peas & Pear Stage 2 Baby Food, Baby Food Stage 2 Blueberry Pear & Purple Carrot, Organic Whole Milk, Organic Cilantro, Organic Italian Parsley Bunch, Spinach Peas & Pear Stage 2 Baby Food, Baby Food Stage 2 Blueberry Pear & Purple Carrot"
70694,"Organic Cilantro, Organic Italian Parsley Bunch"
72508,
73448,"Organic Cilantro, Organic Italian Parsley Bunch, Organic Italian Parsley Bunch"
74226,
77791,
78018,
79128,
79896,
80369,"Organic Cilantro, Organic Italian Parsley Bunch"
80422,
81330,"Organic Whole Milk, Organic Whole Milk, Organic Italian Parsley Bunch, Spinach Peas & Pear Stage 2 Baby Food, Baby Food Stage 2 Blueberry Pear & Purple Carrot"
82491,
84724,"Broccoli & Apple Stage 2 Baby Food, Stage 1 Apples Sweet Potatoes Pumpkin & Blueberries Organic Pureed Baby Food, Blueberries, Happy Baby Spinach, Mango, and Pear Baby Food, Organic Strawberry Yogurt & Fruit Snack, Organic Mixed Berry Yogurt & Fruit Snack, Organic Whole String Cheese, Sweeet Potato, Apple, Carrot & Cinnamon Organic Superfoods, Organic Stage 4 Green Bean Pear & Pea Baby Food, Boneless Skinless Chicken Breasts, Organic Black Beans, Original Hummus, Extra Virgin Olive Oil, Organic Cilantro, Grated Parmesan, Organic Italian Parsley Bunch, Spinach Peas & Pear Stage 2 Baby Food, Feta Cheese Crumbles, Baby Food Stage 2 Blueberry Pear & Purple Carrot"
85275,
85622,
86218,"Organic Whole Milk, Organic Italian Parsley Bunch, Spinach Peas & Pear Stage 2 Baby Food, Baby Food Stage 2 Blueberry Pear & Purple Carrot"
87197,
87715,"Organic Cilantro, Organic Italian Parsley Bunch"
88952,
89604,
90273,
93199,
94269,"Organic Whole String Cheese, Organic Whole Milk, Organic Whole Milk, Organic Italian Parsley Bunch, Extra Virgin Olive Oil, Spinach Peas & Pear Stage 2 Baby Food, Baby Food Stage 2 Blueberry Pear & Purple Carrot, Organic Cilantro, Grated Parmesan, Baby Food Stage 2 Blueberry Pear & Purple Carrot"
94455,"Organic Cilantro, Organic Italian Parsley Bunch, Organic Cilantro, Organic Italian Parsley Bunch, Organic Cilantro, Organic Italian Parsley Bunch, Organic Italian Parsley Bunch, Organic Italian Parsley Bunch"
94816,
95077,
96408,"Clementines, Packaged Grape Tomatoes, Baby Cucumbers, Blueberries, Organic Simply Naked Pita Chips, Hass Avocados, Green Seedless Grapes, Rainbow Bell Peppers, Seedless Cucumbers, Organic Tortilla Chips"
98459,
99335,
99792,
100463,"Organic Whole Milk, Organic Whole Milk, Organic Italian Parsley Bunch, Spinach Peas & Pear Stage 2 Baby Food, Baby Food Stage 2 Blueberry Pear & Purple Carrot"
101210,"Organic Whole Milk, Organic Cilantro, Organic Italian Parsley Bunch, Organic Whole Milk, Bunched Cilantro, Bunched Cilantro, Extra Virgin Olive Oil, Extra Virgin Olive Oil, Organic Cilantro, Grated Parmesan, Organic Italian Parsley Bunch, Organic Cilantro, Organic Italian Parsley Bunch, Grated Parmesan, Organic Italian Parsley Bunch, Organic Thyme, Organic Basil"
102966,"Organic Whole Milk, Organic Whole Milk"
106177,
106806,"Broccoli & Apple Stage 2 Baby Food, Baby Food Stage 2 Pumpkin Banana, Organic Whole Milk, Spinach Peas & Pear Stage 2 Baby Food, Broccoli & Apple Stage 2 Baby Food, Broccoli & Apple Stage 2 Baby Food, Baby Food Stage 2 Blueberry Pear & Purple Carrot, Broccoli & Apple Stage 2 Baby Food, Apple and Carrot Stage 2 Baby Food, Spinach Peas & Pear Stage 2 Baby Food, Peach,  Apricot & Banana Stage 2 Baby Food, Baby Food Stage 2 Blueberry Pear & Purple Carrot, Peach,  Apricot & Banana Stage 2 Baby Food, Stage 1 Apples Sweet Potatoes Pumpkin & Blueberries Organic Pureed Baby Food, Spinach Peas & Pear Stage 2 Baby Food, Baby Food Stage 2 Pumpkin Banana, Baby Food Stage 2 Pumpkin Banana, Baby Food Stage 2 Blueberry Pear & Purple Carrot, Happy Baby Spinach, Mango, and Pear Baby Food, Happy Baby Spinach, Mango, and Pear Baby Food, Organic Whole String Cheese, Organic Whole String Cheese, Organic Whole String Cheese, Organic Whole Milk, Organic Whole Milk, Organic Whole Milk, Organic Whole Milk, Spinach Peas & Pear Stage 2 Baby Food, Stage 2 Sweet Potato Corn & Apple Baby Food, Baby Food Stage 2 Blueberry Pear & Purple Carrot, Stage 2 Sweet Potato Corn & Apple Baby Food, Organic Italian Parsley Bunch, Spinach Peas & Pear Stage 2 Baby Food, Extra Virgin Olive Oil, Baby Food Stage 2 Blueberry Pear & Purple Carrot, Extra Virgin Olive Oil, Organic Cilantro, Organic Cilantro, Organic Cilantro, Organic Italian Parsley Bunch, Spinach Peas & Pear Stage 2 Baby Food, Grated Parmesan, Grated Parmesan, Baby Food Stage 2 Blueberry Pear & Purple Carrot, Organic Italian Parsley Bunch, Pear & Mango Stage 2 Baby Food, Spinach Peas & Pear Stage 2 Baby Food, Baby Food Stage 2 Blueberry Pear & Purple Carrot, Spinach Peas & Pear Stage 2 Baby Food, Apple and Carrot Stage 2 Baby Food, Pear & Mango Stage 2 Baby Food, Baby Food Stage 2 Blueberry Pear & Purple Carrot, Apple and Carrot Stage 2 Baby Food"
107839,"Broccoli & Apple Stage 2 Baby Food, Stage 1 Apples Sweet Potatoes Pumpkin & Blueberries Organic Pureed Baby Food, Organic Whole Milk, Blueberries, Happy Baby Spinach, Mango, and Pear Baby Food, Organic Strawberry Yogurt & Fruit Snack, Organic Mixed Berry Yogurt & Fruit Snack, Organic Whole String Cheese, Sweeet Potato, Apple, Carrot & Cinnamon Organic Superfoods, Organic Stage 4 Green Bean Pear & Pea Baby Food, Boneless Skinless Chicken Breasts, Organic Black Beans, Original Hummus, Extra Virgin Olive Oil, Organic Cilantro, Grated Parmesan, Organic Italian Parsley Bunch, Spinach Peas & Pear Stage 2 Baby Food, Feta Cheese Crumbles, Baby Food Stage 2 Blueberry Pear & Purple Carrot"
108459,
110260,"Organic Whole String Cheese, Organic Whole Milk, Organic Whole Milk, Organic Italian Parsley Bunch, Spinach Peas & Pear Stage 2 Baby Food, Baby Food Stage 2 Blueberry Pear & Purple Carrot"
110695,"Broccoli & Apple Stage 2 Baby Food, Stage 1 Apples Sweet Potatoes Pumpkin & Blueberries Organic Pureed Baby Food, Blueberries, Happy Baby Spinach, Mango, and Pear Baby Food, Organic Strawberry Yogurt & Fruit Snack, Organic Mixed Berry Yogurt & Fruit Snack, Organic Whole String Cheese, Organic Whole String Cheese, Sweeet Potato, Apple, Carrot & Cinnamon Organic Superfoods, Organic Stage 4 Green Bean Pear & Pea Baby Food, Boneless Skinless Chicken Breasts, Organic Black Beans, Original Hummus, Extra Virgin Olive Oil, Organic Cilantro, Organic Whole Milk, Grated Parmesan, Organic Italian Parsley Bunch, Spinach Peas & Pear Stage 2 Baby Food, Feta Cheese Crumbles, Baby Food Stage 2 Blueberry Pear & Purple Carrot, Grated Parmesan, Organic Italian Parsley Bunch, Spinach Peas & Pear Stage 2 Baby Food, Baby Food Stage 2 Blueberry Pear & Purple Carrot"
110727,
111128,"Organic Cilantro, Organic Italian Parsley Bunch, Organic Cilantro, Organic Italian Parsley Bunch, Organic Cilantro, Organic Italian Parsley Bunch"
112693,"Pure Sparkling Water, Sparkling Water Grapefruit, Sparkling Lemon Water, Sparkling Water Berry, Peach Pear Flavored Sparkling Water, Lime Sparkling Water, Sparkling Water Berry, Sparkling Water Grapefruit, Sparkling Lemon Water, Sparkling Lemon Water, Lime Sparkling Water, Peach Pear Flavored Sparkling Water, Sparkling Water Grapefruit, Half & Half, Original Hummus, Lime Sparkling Water"
115140,"Pure Sparkling Water, Sparkling Water Grapefruit, Sparkling Water Berry, Sparkling Water Berry, Peach Pear Flavored Sparkling Water, Lime Sparkling Water, Sparkling Lemon Water, Sparkling Water Grapefruit, Peach Pear Flavored Sparkling Water, Half & Half, Sparkling Water Grapefruit, Original Hummus, Lime Sparkling Water"
115314,"Broccoli & Apple Stage 2 Baby Food, Stage 1 Apples Sweet Potatoes Pumpkin & Blueberries Organic Pureed Baby Food, Organic Whole Milk, Blueberries, Happy Baby Spinach, Mango, and Pear Baby Food, Organic Strawberry Yogurt & Fruit Snack, Organic Mixed Berry Yogurt & Fruit Snack, Organic Whole String Cheese, Organic Whole String Cheese, Sweeet Potato, Apple, Carrot & Cinnamon Organic Superfoods, Organic Stage 4 Green Bean Pear & Pea Baby Food, Boneless Skinless Chicken Breasts, Organic Black Beans, Organic Whole Milk, Original Hummus, Extra Virgin Olive Oil, Organic Cilantro, Grated Parmesan, Organic Italian Parsley Bunch, Spinach Peas & Pear Stage 2 Baby Food, Feta Cheese Crumbles, Baby Food Stage 2 Blueberry Pear & Purple Carrot"
119460,
119913,
121582,
122496,"Organic Whole String Cheese, Organic Whole String Cheese, Organic Whole Milk, Organic Whole Milk, Extra Virgin Olive Oil, Grated Parmesan, Organic Italian Parsley Bunch, Organic Cilantro, Spinach Peas & Pear Stage 2 Baby Food, Baby Food Stage 2 Blueberry Pear & Purple Carrot, Grated Parmesan, Baby Food Stage 2 Blueberry Pear & Purple Carrot"
123264,Organic Whole Milk
123531,"Baby Food Stage 2 Pumpkin Banana, Organic Whole Milk, Broccoli & Apple Stage 2 Baby Food, Spinach Peas & Pear Stage 2 Baby Food, Broccoli & Apple Stage 2 Baby Food, Baby Food Stage 2 Blueberry Pear & Purple Carrot, Apple and Carrot Stage 2 Baby Food, Spinach Peas & Pear Stage 2 Baby Food, Baby Food Stage 2 Blueberry Pear & Purple Carrot, Peach,  Apricot & Banana Stage 2 Baby Food, Stage 1 Apples Sweet Potatoes Pumpkin & Blueberries Organic Pureed Baby Food, Stage 1 Apples Sweet Potatoes Pumpkin & Blueberries Organic Pureed Baby Food, Stage 1 Apples Sweet Potatoes Pumpkin & Blueberries Organic Pureed Baby Food, Blueberries, Baby Food Stage 2 Pumpkin Banana, Happy Baby Spinach, Mango, and Pear Baby Food, Happy Baby Spinach, Mango, and Pear Baby Food, Organic Strawberry Yogurt & Fruit Snack, Organic Mixed Berry Yogurt & Fruit Snack, Organic Whole String Cheese, Organic Whole String Cheese, Organic Whole String Cheese, Sweeet Potato, Apple, Carrot & Cinnamon Organic Superfoods, Organic Stage 4 Green Bean Pear & Pea Baby Food, Boneless Skinless Chicken Breasts, Organic Black Beans, Original Hummus, Extra Virgin Olive Oil, Organic Cilantro, Organic Whole Milk, Grated Parmesan, Organic Italian Parsley Bunch, Spinach Peas & Pear Stage 2 Baby Food, Feta Cheese Crumbles, Organic Whole Milk, Baby Food Stage 2 Blueberry Pear & Purple Carrot, Stage 2 Sweet Potato Corn & Apple Baby Food, Extra Virgin Olive Oil, Organic Cilantro, Organic Cilantro, Organic Italian Parsley Bunch, Spinach Peas & Pear Stage 2 Baby Food, Grated Parmesan, Baby Food Stage 2 Blueberry Pear & Purple Carrot, Organic Italian Parsley Bunch, Spinach Peas & Pear Stage 2 Baby Food, Pear & Mango Stage 2 Baby Food, Apple and Carrot Stage 2 Baby Food"
125185,Organic Whole Milk
126154,Hass Avocados
127773,
128206,
128338,"Organic Cilantro, Organic Italian Parsley Bunch"
128627,"Organic Whole Milk, Organic 4 Months Butternut Squash Carrots Apples + Prunes Baby Food, Stage 1 Apples Sweet Potatoes Pumpkin & Blueberries Organic Pureed Baby Food, Organic Apples, Carrots and Parsnips Puree, Baby Food Stage 2 Blueberry Pear & Purple Carrot, Organic Pears, Peas and Broccoli Puree Stage 1, Banana & Mango Organic Yogurt & Fruit Snacks , Organic Mixed Berry Yogurt & Fruit Snack, Organic Whole Milk, Organic Whole Milk, Organic Whole Milk"
129397,"Organic Whole Milk, Organic Cilantro, Organic Italian Parsley Bunch, Bunched Cilantro, Extra Virgin Olive Oil, Grated Parmesan, Organic Italian Parsley Bunch"
132882,"Clementines, Hass Avocados, Raspberries"
133540,
136288,"Pure Sparkling Water, Sparkling Water Grapefruit, Sparkling Lemon Water, Peach Pear Flavored Sparkling Water, Sparkling Water Berry, Lime Sparkling Water, Sparkling Water Berry, Sparkling Water Grapefruit, Sparkling Lemon Water, Sparkling Lemon Water, Peach Pear Flavored Sparkling Water, Peach Pear Flavored Sparkling Water, Half & Half, Sparkling Water Grapefruit, Original Hummus, Lime Sparkling Water, Sparkling Water Grapefruit"
136302,Organic Whole Milk
137789,"Organic Cilantro, Organic Italian Parsley Bunch"
138285,"Organic Whole Milk, Organic Cilantro, Organic Italian Parsley Bunch, Bunched Cilantro, Extra Virgin Olive Oil, Grated Parmesan, Organic Italian Parsley Bunch"
139167,"Organic Whole Milk, Organic Whole Milk"
139486,
140593,"Organic Cilantro, Organic Italian Parsley Bunch"
141083,
141761,
143031,"Broccoli & Apple Stage 2 Baby Food, Stage 1 Apples Sweet Potatoes Pumpkin & Blueberries Organic Pureed Baby Food, Blueberries, Happy Baby Spinach, Mango, and Pear Baby Food, Organic Strawberry Yogurt & Fruit Snack, Organic Mixed Berry Yogurt & Fruit Snack, Organic Whole String Cheese, Organic Whole String Cheese, Organic Whole String Cheese, Sweeet Potato, Apple, Carrot & Cinnamon Organic Superfoods, Organic Stage 4 Green Bean Pear & Pea Baby Food, Boneless Skinless Chicken Breasts, Organic Black Beans, Original Hummus, Extra Virgin Olive Oil, Organic Cilantro, Organic Whole Milk, Grated Parmesan, Organic Italian Parsley Bunch, Organic Whole Milk, Spinach Peas & Pear Stage 2 Baby Food, Feta Cheese Crumbles, Baby Food Stage 2 Blueberry Pear & Purple Carrot, Extra Virgin Olive Oil, Grated Parmesan, Organic Italian Parsley Bunch, Organic Cilantro, Spinach Peas & Pear Stage 2 Baby Food, Baby Food Stage 2 Blueberry Pear & Purple Carrot, Grated Parmesan, Baby Food Stage 2 Blueberry Pear & Purple Carrot"
145121,"Organic Whole Milk, Bunched Cilantro, Organic Cilantro, Organic Italian Parsley Bunch, Extra Virgin Olive Oil, Organic Cilantro, Grated Parmesan, Organic Italian Parsley Bunch, Organic Thyme, Organic Basil"
145469,
147326,"Organic Whole Milk, Organic Whole String Cheese, Organic Whole Milk, Grated Parmesan, Organic Italian Parsley Bunch, Spinach Peas & Pear Stage 2 Baby Food, Baby Food Stage 2 Blueberry Pear & Purple Carrot"
147979,
147980,"Organic Whole Milk, Organic Cilantro, Organic Italian Parsley Bunch, Organic Whole Milk, Bunched Cilantro, Bunched Cilantro, Organic Cilantro, Extra Virgin Olive Oil, Organic Italian Parsley Bunch, Extra Virgin Olive Oil, Grated Parmesan, Organic Italian Parsley Bunch, Organic Cilantro, Grated Parmesan, Organic Italian Parsley Bunch, Organic Thyme, Organic Italian Parsley Bunch, Organic Basil"
148611,
148993,"Organic Cilantro, Organic Italian Parsley Bunch"
151100,
152269,Organic Whole Milk
153121,
154557,"Organic Whole Milk, Organic Cilantro, Organic Italian Parsley Bunch, Organic Whole Milk, Organic Cilantro, Bunched Cilantro, Organic Italian Parsley Bunch, Bunched Cilantro, Extra Virgin Olive Oil, Extra Virgin Olive Oil, Organic Cilantro, Grated Parmesan, Organic Italian Parsley Bunch, Organic Cilantro, Organic Italian Parsley Bunch, Grated Parmesan, Organic Thyme, Organic Italian Parsley Bunch, Organic Basil"
154748,
157231,"Organic Whole Milk, Bunched Cilantro, Extra Virgin Olive Oil, Organic Cilantro, Grated Parmesan, Organic Italian Parsley Bunch, Organic Italian Parsley Bunch"
158015,
158053,
158937,Organic Whole Milk
159853,"Broccoli & Apple Stage 2 Baby Food, Stage 1 Apples Sweet Potatoes Pumpkin & Blueberries Organic Pureed Baby Food, Blueberries, Happy Baby Spinach, Mango, and Pear Baby Food, Organic Strawberry Yogurt & Fruit Snack, Organic Mixed Berry Yogurt & Fruit Snack, Organic Whole String Cheese, Sweeet Potato, Apple, Carrot & Cinnamon Organic Superfoods, Organic Stage 4 Green Bean Pear & Pea Baby Food, Boneless Skinless Chicken Breasts, Organic Black Beans, Original Hummus, Extra Virgin Olive Oil, Organic Cilantro, Grated Parmesan, Organic Italian Parsley Bunch, Spinach Peas & Pear Stage 2 Baby Food, Feta Cheese Crumbles, Baby Food Stage 2 Blueberry Pear & Purple Carrot"
159925,"Organic Cilantro, Organic Italian Parsley Bunch, Organic Italian Parsley Bunch"
161810,
161994,
162352,
162844,"Broccoli & Apple Stage 2 Baby Food, Stage 1 Apples Sweet Potatoes Pumpkin & Blueberries Organic Pureed Baby Food, Blueberries, Happy Baby Spinach, Mango, and Pear Baby Food, Organic Strawberry Yogurt & Fruit Snack, Organic Mixed Berry Yogurt & Fruit Snack, Organic Whole String Cheese, Organic Whole String Cheese, Sweeet Potato, Apple, Carrot & Cinnamon Organic Superfoods, Organic Stage 4 Green Bean Pear & Pea Baby Food, Boneless Skinless Chicken Breasts, Organic Black Beans, Original Hummus, Extra Virgin Olive Oil, Organic Cilantro, Organic Whole Milk, Grated Parmesan, Organic Italian Parsley Bunch, Spinach Peas & Pear Stage 2 Baby Food, Feta Cheese Crumbles, Baby Food Stage 2 Blueberry Pear & Purple Carrot, Grated Parmesan, Organic Italian Parsley Bunch, Spinach Peas & Pear Stage 2 Baby Food, Baby Food Stage 2 Blueberry Pear & Purple Carrot"
165020,Organic Whole Milk
165302,
165960,"Organic Whole Milk, Original Hummus, Organic Cilantro, Grated Parmesan, Organic Italian Parsley Bunch, Spinach Peas & Pear Stage 2 Baby Food, Baby Food Stage 2 Blueberry Pear & Purple Carrot"
167611,
168128,
168925,
169731,"Organic Whole Milk, Bunched Cilantro, Organic Cilantro, Organic Italian Parsley Bunch, Extra Virgin Olive Oil, Organic Cilantro, Grated Parmesan, Organic Thyme, Organic Basil"
172483,"Organic Cilantro, Organic Italian Parsley Bunch"
174403,
175139,"Organic Whole String Cheese, Organic Whole Milk, Extra Virgin Olive Oil, Organic Cilantro, Grated Parmesan, Baby Food Stage 2 Blueberry Pear & Purple Carrot"
175260,"Organic Whole Milk, Organic Whole Milk, Bunched Cilantro, Bunched Cilantro, Organic Cilantro, Extra Virgin Olive Oil, Organic Italian Parsley Bunch, Extra Virgin Olive Oil, Organic Cilantro, Grated Parmesan, Organic Italian Parsley Bunch, Organic Cilantro, Organic Italian Parsley Bunch, Grated Parmesan, Organic Thyme, Organic Basil"
175707,
177004,
177361,
178632,"Organic Cilantro, Organic Italian Parsley Bunch, Organic Cilantro, Organic Italian Parsley Bunch"
179214,Organic Italian Parsley Bunch
179558,"Organic Whole Milk, Organic Whole String Cheese, Original Hummus, Organic Cilantro, Grated Parmesan, Organic Italian Parsley Bunch, Spinach Peas & Pear Stage 2 Baby Food, Baby Food Stage 2 Blueberry Pear & Purple Carrot, Organic Whole Milk"
180962,
181555,"Broccoli & Apple Stage 2 Baby Food, Baby Food Stage 2 Pumpkin Banana, Organic Whole Milk, Broccoli & Apple Stage 2 Baby Food, Spinach Peas & Pear Stage 2 Baby Food, Broccoli & Apple Stage 2 Baby Food, Broccoli & Apple Stage 2 Baby Food, Baby Food Stage 2 Blueberry Pear & Purple Carrot, Apple and Carrot Stage 2 Baby Food, Peach,  Apricot & Banana Stage 2 Baby Food, Peach,  Apricot & Banana Stage 2 Baby Food, Stage 1 Apples Sweet Potatoes Pumpkin & Blueberries Organic Pureed Baby Food, Stage 1 Apples Sweet Potatoes Pumpkin & Blueberries Organic Pureed Baby Food, Blueberries, Spinach Peas & Pear Stage 2 Baby Food, Baby Food Stage 2 Pumpkin Banana, Baby Food Stage 2 Pumpkin Banana, Baby Food Stage 2 Blueberry Pear & Purple Carrot, Happy Baby Spinach, Mango, and Pear Baby Food, Happy Baby Spinach, Mango, and Pear Baby Food, Happy Baby Spinach, Mango, and Pear Baby Food, Organic Strawberry Yogurt & Fruit Snack, Organic Mixed Berry Yogurt & Fruit Snack, Organic Whole String Cheese, Organic Whole String Cheese, Organic Whole String Cheese, Sweeet Potato, Apple, Carrot & Cinnamon Organic Superfoods, Organic Stage 4 Green Bean Pear & Pea Baby Food, Boneless Skinless Chicken Breasts, Organic Black Beans, Original Hummus, Organic Whole Milk, Extra Virgin Olive Oil, Organic Cilantro, Grated Parmesan, Organic Italian Parsley Bunch, Spinach Peas & Pear Stage 2 Baby Food, Organic Whole Milk, Feta Cheese Crumbles, Organic Whole Milk, Baby Food Stage 2 Blueberry Pear & Purple Carrot, Stage 2 Sweet Potato Corn & Apple Baby Food, Stage 2 Sweet Potato Corn & Apple Baby Food, Organic Italian Parsley Bunch, Spinach Peas & Pear Stage 2 Baby Food, Extra Virgin Olive Oil, Baby Food Stage 2 Blueberry Pear & Purple Carrot, Extra Virgin Olive Oil, Organic Cilantro, Organic Cilantro, Grated Parmesan, Grated Parmesan, Organic Italian Parsley Bunch, Spinach Peas & Pear Stage 2 Baby Food, Pear & Mango Stage 2 Baby Food, Spinach Peas & Pear Stage 2 Baby Food, Baby Food Stage 2 Blueberry Pear & Purple Carrot, Apple and Carrot Stage 2 Baby Food, Baby Food Stage 2 Blueberry Pear & Purple Carrot, Pear & Mango Stage 2 Baby Food, Apple and Carrot Stage 2 Baby Food"
182221,
185056,"Organic Whole Milk, Organic Cilantro, Organic Italian Parsley Bunch, Bunched Cilantro, Extra Virgin Olive Oil, Grated Parmesan, Organic Italian Parsley Bunch"
185562,
187511,Organic Whole Milk
187723,"Organic Cilantro, Organic Italian Parsley Bunch, Organic Whole Milk, Bunched Cilantro, Extra Virgin Olive Oil, Organic Cilantro, Grated Parmesan, Organic Thyme, Organic Basil"
187956,Organic Whole Milk
188129,
188855,
189220,"Clementines, Hass Avocados, Raspberries"
190517,"Organic Whole String Cheese, Organic Whole Milk"
192021,
193698,"Organic Cilantro, Organic Italian Parsley Bunch"
193995,Organic Whole Milk
194964,
196932,"Pure Sparkling Water, Sparkling Lemon Water, Sparkling Water Berry, Peach Pear Flavored Sparkling Water, Lime Sparkling Water, Sparkling Water Berry, Sparkling Water Grapefruit, Sparkling Lemon Water, Sparkling Lemon Water, Lime Sparkling Water, Peach Pear Flavored Sparkling Water, Sparkling Water Grapefruit, Half & Half, Original Hummus, Lime Sparkling Water"
197502,"Broccoli & Apple Stage 2 Baby Food, Stage 1 Apples Sweet Potatoes Pumpkin & Blueberries Organic Pureed Baby Food, Blueberries, Happy Baby Spinach, Mango, and Pear Baby Food, Organic Strawberry Yogurt & Fruit Snack, Organic Strawberry Yogurt & Fruit Snack, Banana & Mango Organic Yogurt & Fruit Snacks , Organic Whole Milk, Organic Mixed Berry Yogurt & Fruit Snack, Organic Whole String Cheese, Organic Whole Milk, Sweeet Potato, Apple, Carrot & Cinnamon Organic Superfoods, Organic Whole Milk, Organic Stage 4 Green Bean Pear & Pea Baby Food, Organic Whole Milk, Boneless Skinless Chicken Breasts, Organic Whole Milk, Organic Black Beans, Original Hummus, Extra Virgin Olive Oil, Organic Cilantro, Grated Parmesan, Organic Italian Parsley Bunch, Spinach Peas & Pear Stage 2 Baby Food, Feta Cheese Crumbles, Baby Food Stage 2 Blueberry Pear & Purple Carrot"
198729,"Organic Whole String Cheese, Organic Whole String Cheese, Organic Whole Milk, Organic Whole Milk, Organic Whole Milk, Organic Cilantro, Grated Parmesan, Organic Italian Parsley Bunch, Spinach Peas & Pear Stage 2 Baby Food, Baby Food Stage 2 Blueberry Pear & Purple Carrot, Organic Italian Parsley Bunch, Spinach Peas & Pear Stage 2 Baby Food, Baby Food Stage 2 Blueberry Pear & Purple Carrot"
199735,
201315,"Organic Whole Milk, Organic Italian Parsley Bunch, Spinach Peas & Pear Stage 2 Baby Food, Baby Food Stage 2 Blueberry Pear & Purple Carrot"
202401,
202915,"Organic Whole Milk, Original Hummus, Organic Cilantro, Grated Parmesan, Organic Italian Parsley Bunch, Spinach Peas & Pear Stage 2 Baby Food, Baby Food Stage 2 Blueberry Pear & Purple Carrot"
202993,Organic Whole Milk
203305,Organic Whole Milk
203750,Organic Whole Milk
204090,
204236,Organic Whole Milk
205273,Organic Whole Milk
205374,
