21,"Hard Boiled Eggs, Unsweetened Premium Iced Tea"
28,
36,"1500 Pale Ale, Sparkling Water Grapefruit"
54,Electrolyte Enhanced Water
63,"Organic Milk, Bag of Organic Bananas, Organic Strawberries, Uncured Hickory Smoked Sunday Bacon"
67,"Soda, Clementines, Bag of Organic Bananas"
87,"Milk, Organic, Vitamin D, Bread, Country Buttermilk"
112,"Organic Carrot Bunch, Cherry Chocolate, Organic Hass Avocado"
118,"Healthy Grains Oats & Honey Clusters with Toasted Coconut Gluten Free, Bag of Organic Bananas, Organic Large Extra Fancy Fuji Apple, Total 0% Nonfat Greek Yogurt, Organic Hass Avocado"
122,"Whipped Mixed Berry Tub, Lemon-Lime 12 Pack Soda"
132,"Banana, Organic Whole Milk, Organic  Whole Milk, Organic Half & Half"
138,"Half And Half Cream, Hass Avocados, Pineapple Chunks"
142,"Applewood Smoked Bacon, Bag of Organic Bananas, Dha Omega 3 Vitamin D Milk, Gluten Free Old Fashioned Rolled Oats, Organic Hass Avocado, Authentic French Brioche"
146,"Plain Non-Fat Greek Yogurt, Pure Almond Unsweetened Original Almond Milk, Blueberries Pint"
150,Eggo Buttermilk Waffles
174,"Milk, Organic, Vitamin D"
187,"Pinot Grigio, 100% Raw Coconut Water, Alpine Spring Water, Original Party Mix Catt Treats"
195,"Green Seedless Grapes, Extra Fancy Unsalted Mixed Nuts"
204,"Bag of Organic Bananas, Almond Milk Blueberry Yogurt, Almond Milk Strawberry Yogurt, Almond Milk Peach Yogurt"
206,Bag of Organic Bananas
1764,"High Protein Bar Creamy Peanut Butter, Caramel Fudge High Protein Bar, Enlightened Organic Raw Kombucha, High Protein Bar Chunky Peanut Butter, Brownie Crunch High Protein Bar, Total Greek Strained Yogurt, Organic Plain Kefir"
2175,Spring Water
3512,"European Cucumber, Organic 1% Low Fat Milk, Bag of Organic Bananas, Grade A Large Brown Eggs, Celery Hearts, Smartwater, Cherry Vanilla Cherry On The Bottom Cream Top, Chicken Corn Dog"
3514,
3523,
3531,"Organic 2% Reduced Fat Milk, Natural Sharp Cheddar Sliced Cheese, Vitamin D Organic Milk, Banana, French Roast Ground Coffee, Cherubs Heavenly Salad Tomatoes"
3549,"Baked Aged White Cheddar Rice and Corn Puffs, Organic Reduced Fat 2% Milk, Apple Honeycrisp Organic, Bag of Organic Bananas, Guacamole Dip, Organic Baby Spinach, Edamame, Ruby Red Grapefruit Juice, Honey Nut Cheerios, Salt & Pepper Krinkle Chips, Organic Hass Avocado, Large Lemon"
3558,"Grilled Chicken Breast, Organic Broccoli Florets, Organic Shredded Carrots, Original Rotisserie Chicken"
3562,
3571,"Spring Water, Paleo Bread Made with Coconut, Organic Garlic, Sparkling Probiotic Drink Mojita Lime Mint Coconut"
3584,"Sharp Cheddar Cheese, Organic Baby Arugula, Organic Baby Spinach, Banana, Organic Whole Milk, Original Hummus, Organic Gala Apples, Feta Cheese Crumbles, Organic Baby Carrots, Brussels Sprouts, Total 0% Nonfat Greek Yogurt"
3593,"Red Raspberries, Unsweetened Almondmilk, Italian Sausage, Uncured Hickory Smoked Sunday Bacon"
4356,"Organic Sticks Low Moisture Part Skim Mozzarella String Cheese, Defense Up Cold Pressed Fruit Smoothie, Organic Milk Reduced Fat, 2% Milkfat, Juice Beverage, Cold Pressed, Kale Apple Ginger Romaine Spinach Cucumber Celery Parsley Lemon, Icelandic Style Fat Free Plain Yogurt, Everything Bagels, Organic Large Extra Fancy Fuji Apple, Enlightened Organic Raw Kombucha, Pineapple Apple Mint Organic Cold Pressed Juicd, Organic 100% Grapefruit  Juice, Roasted Garlic Loaf, Cold Brew Coffee, Cold-Pressed Organic Orange, Almonds & Sea Salt Organic Extra-Dark Chocolate Bar 72% Cocoa, Organic Raw Kombucha Gingerade, Brown Sugar Maple Oatmeal with Ancient Grains, Protein Power Cold Pressed Fruit Smoothie, Trilogy Kombucha Drink"
4692,
5159,"Vanilla Almond Breeze Almond Milk, Bag of Organic Bananas, Organic Large Brown Eggs, Strawberries, Enlightened Organic Raw Kombucha, Kombucha, Organic Raw, Citrus, Organic Baby Spinach, Organic Raw Kombucha Gingerade, Organic Spring Mix Salad, Trilogy Kombucha Drink, Organic Avocado"
5760,"Tropical Mix, Natural Artesian Water, Organic Strawberries, Organic Raspberries"
6308,"Bag of Organic Bananas, Butter Lettuce, Organic Plain Yogurt, Seedless Cucumbers"
6340,"Banana, Bartlett Pears"
8215,"Clementines, Bag, Organic Red Delicious Apple, Organic Gala Apples, Bartlett Pears"
9509,"Bag of Organic Bananas, Panko Breaded Chicken Breast Tenderloins, Organic Low Fat Milk, Blackberries, Golden Pineapple"
14396,"Soda, Packaged Grape Tomatoes, Baby Cucumbers, Hass Avocados, Bag of Organic Bananas, Rainbow Bell Peppers"
15236,"Clementines, Strawberries, Seedless Cucumbers, Black Seedless Grapes"
16761,Bag of Organic Bananas
16931,
17058,"Sparkling Mineral Water, Natural Lemon Flavor, Organic Frozen Peas, Organic Large Brown Eggs, Sprouted Whole Wheat Bread, Organic Yellow Onion, Organic Garlic, Half & Half, Organic Lacinato (Dinosaur) Kale, Organic Raspberries, Sparkling Mineral Water, Sparkling Water Grapefruit"
17339,Mineral Water
17579,"Dried Mango, Plain Goat Milk Yogurt, House Blend Whole Bean Coffee, Organic Deep Dark Sea Salt Chocolate, Total 2% All Natural Low Fat 2% Milkfat Greek Strained Yogurt"
17588,"Organic Mushroom & Olive Pizza, Organic Gluten Free Dude Ranch Multigrain Snack Chips, Avocado Roll, Parmesan Shredded Cheese, Organic Chicken Strips, Medium Cheddar Deli Sliced Cheese"
17591,Vodka
17596,"Peach-Pear Sparkling Water, Cran-Raspberry Flavored Sparkling Water, Sparkling Water, Natural Mango Essenced, Lime Diet Coke, Passionfruit Sparkling Water, Lemon Sparkling Water, Grapefruit Sparkling Water"
17597,"Raw Almond Nut Butter, Sweet Potato Pie Chewy Fruit and Vegetable Snack, Classic Seltzer, Organic Mountain Berry Spinach"
17609,Organic 1% Low Fat Milk
17615,"Banana, Organic Large Grade A Brown Eggs"
17622,Bag of Organic Bananas
17630,"Bread Co New York Rye, Dry Roasted No Salt Almonds, Guatemala Coffee, Organic Cheese Frozen Pizza, Michigan Organic Kale, Sparkling Mineral Water"
17633,"Organic Lemon, Organic Strawberry Lemonade, Organic Blue Corn Tortilla Chips, Organic Russet Potato, Organic Garlic, Lemonade"
17649,"Broccoli Crown, Organic Strawberries, Organic Baby Spinach, Sea Salt Pita Chips, Grated Parmesan, Organic Sweetened Cranberries, Organic Parsley"
18488,"Organic Chocolate Almondmilk Pudding, Just Mangos Organic Baby Food, Pear & Mango Stage 2 Baby Food"
18561,"Lemon Sparkling Water, 2% Reduced Fat Organic Milk"
19077,"Baby Cucumbers, Rainbow Bell Peppers, Bean & Cheese Burrito, Naked Green Machine Boosted Juice Smoothie"
19702,"Organic Cashew Caramel Macrobar, Banana"
20266,"Organic Skim Milk with DHA Omega-3, Organic Whole Grain Spanish Rice, Original Pure Creamy Almond Milk, New Mexico Taco Skillet Sauce For Chicken"
20278,"Bag of Organic Bananas, Organic Carrot Bunch, Strawberries, Organic Red Radish, Bunch, Organic Yellow Onion, Plain Whole Milk Yogurt, Organic Garlic, Organic Whole Milk, Organic Tomato Cluster, Organic Zucchini"
20300,Organic Whole Milk
20309,"Whole Wheat Tandoori Naan, Mushroom Marinara Pasta Sauce, Bag of Organic Bananas, Baby Seedless Cucumbers, YoKids Squeezers Organic Low-Fat Yogurt, Strawberry, Organic Strawberries, Cheese & Broccoli Ravioli For Kids, Roma Tomato, Organic Baby Carrots"
20320,
20322,Organic Infant Formula With Iron
20323,"100% Whole Wheat Bread, Blueberries, Juice Beverage, Cold Pressed, Kale Apple Ginger Romaine Spinach Cucumber Celery Parsley Lemon, Organic Whole Strawberries, Organic Fat Free Milk, Gala Apples"
20329,"Organic Reduced Fat 2% Milk, Banana, Organic Fat Free Milk, Organic Gala Apples, Organic Half & Half"
20334,"Yotoddler Organic Pear Spinach Mango Yogurt, Organic American Pasteurized Process Cheese Product, Banana, Chicken Salad, Organic Whole Milk, Organic Cottage Cheese Blueberry Acai Chia, Blueberry Whole Milk Yogurt Pouch, Organic Whole Milk Strawberry Beet Berry Yogurt Pouch, Mini Seedless Cucumbers"
20339,"Whole Chipotle Chili, Grillers Prime Burgers, Original Egg Substitute, Jalapeno Cilantro Salsa, Blueberry, Long Grain Wild Rice, Light Chicken & Dumpling Soup, Banana, Romaine Lettuce, General Mills Basic 4 Cereal, Roma Tomato, Hint of Lime Flavored Tortilla Chips, Organic Chunky Vegetable Soup, Red Onion, Garbanzos Chick Peas"
20373,"Protein Energy Bar Original Peanut Butter Fudge, Original Triple Chocolate Protein Energy Bar"
21138,"Clementines, Sparkling Mineral Water"
21332,Organic Grade A Large Eggs
23346,"Organic Blackberries, Organic Raspberries, Organic Olive Oil California"
25282,"Spring Water, Natural Pure Sparkling Water"
25419,"Natural Artesian Water, Mini & Mobile, Original Orange Juice, Hawaiian Volcanic Water, Artesian Hawaiian Volcanic Water"
27525,"Cherry Pomegranate Greek Yogurt, Granny Smith Apples, Total 0% Peach Yogurt, Fat Free Strawberry Yogurt, Fat Free Blueberry Yogurt, Total 0% Raspberry Yogurt, Banana, Small Macintosh Apple, Dark Chocolate Chili Almond Nuts & Spices"
29335,"Red Bell Peppers, Baby Cucumbers, Small Curd Lowfat 2% Milkfat Cottage Cheese, Sinfully Sweet Campari Tomatoes"
29908,Peach Pear Flavored Sparkling Water
31010,"Non-Fat Blueberry on the Bottom Greek Yogurt, Low-Fat Strawberry Banana on the Bottom Greek Yogurt, Blueberry Crisp Energy Bar, Plain Greek Yogurt, Vitamin D Organic Whole Milk, Presliced Everything Bagels, Peanut Toffee Buzz Energy Bar, Banana, Original Blend Medium Roast Ground Coffee, Original No Pulp 100% Florida Orange Juice, Organic Red Delicious Apple, Organic Golden Delicious Apple, Peach on the Bottom Nonfat Greek Yogurt, Raspberry on the Bottom Nonfat Greek Yogurt, Soft Baked Granola, Low-Fat Mango on the Bottom Greek Yogurt, 2% Reduced Fat Organic Milk, Strawberry on the Bottom Nonfat Greek Yogurt, Plain Pre-Sliced Bagels, Chocolate Builder's Protein Bar"
32597,"Seedless Red Grapes, Packaged Grape Tomatoes, Baby Cucumbers, Organic Simply Naked Pita Chips, Hass Avocados, Strawberries, Honeycrisp Apples"
33727,
34602,"Pure Sparkling Water, Hair Bender Whole Bean Coffee, Milk, Organic, Fat Free, Organic Fat Free Milk, Organic Fat Free Dha Omega 3 Milk"
35352,"Strawberries, Fat Free Skim Milk, Organic Spring Mix"
36285,"Mozzarella String Cheese, Clementines, Bag of Organic Bananas, Green Seedless Grapes, Fuji Apples"
38282,"Synergy Organic & Raw Cosmic Cranberry, Juice Beverage, Cold Pressed, Kale Apple Ginger Romaine Spinach Cucumber Celery Parsley Lemon"
38796,"Done Baby Wipes Cumber & Green Tea, No More Tears Hand and Face Wipes, 1pk 270ct Refill, Natural Care Baby Wipes Fragrance Free, Size 5 Cruisers Diapers Super Pack"
38837,"100% Raw Coconut Water, Bag of Organic Bananas, Pineapple Apple Mint Organic Cold Pressed Juicd, Lime Ginger Lemon Agave, Lemon Cayenne Agave Cold Pressed Juice Beverage, Organic Vanilla Kefir"
39633,"Nectarines, Cherry Pomegranate Greek Yogurt, Pretzel Snaps Bonus Bag, White Cheddar Popcorn, Pineapple Yogurt 2%, Nonfat Icelandic Style Strawberry Yogurt, Granny Smith Apples, Peanut Butter Bar, Non Fat Acai & Mixed Berries Yogurt, Blackberry Yogurt, Carob Chip, Total 2% All Natural Greek Strained Yogurt with Honey, Fat Free Strawberry Yogurt, Fat Free Blueberry Yogurt, Gluten Free Crunchy Vanilla Cereal, Crunchy Peanut Butter Energy Bar, Lean Protein & Fiber Bar Chunky Chocolate Peanut, Organic Quick Oats, Coconut Cream Pie, Organic D'Anjou Pears, Peanut Butter Chocolate Chip Fruit & Nut Food Bar, Banana, Organic Fuji Apple, Icelandic Style Skyr Blueberry Non-fat Yogurt, Red Plums, Organic Red Delicious Apple, Organic Golden Delicious Apple, Total 2% Greek Mixed Berries Yogurt, Total 2% with Strawberry Lowfat Greek Strained Yogurt, Non Fat Raspberry Yogurt, Bartlett Pears, Almond Butter, Sea Salt Made With Organic Grain Rice Chips, Peanut Butter Cookie"
43592,"Potato Chips Sweet Potato, Organic Apple Juice, Spring Water"
47909,Spring Water
48828,"High Protein Bar Creamy Peanut Butter, 100 Calorie  Per Bag Popcorn, Oats & Honey Gluten Free Granola, Banana, Clementines, Bag, Sea Salt Cashews, Honeycrisp Apple"
50113,"Kale, Apple, Ginger, Romaine, Spinach, Cucumber, Celery, Parsley, Lemon Cold Pressed Juice Beverage, Juice Beverage, Cold Pressed, Kale Apple Ginger Romaine Spinach Cucumber Celery Parsley Lemon, Pure Lemon Juice, Organic Avocado"
51021,"Sparkling Water, Organic Simply Naked Pita Chips, Mineral Water"
51243,"100% Raw Coconut Water, Organic Large Extra Fancy Fuji Apple, Millennium Organic Cherry Chia Synergy Kombucha, Apple Pie Fruit & Nut Food Bar, Almond Butter, Organic Peeled Whole Baby Carrots"
51457,"Organic Saltine Baked Cracker Classic Crackers, Mighty 4 Blueberry with Carrot Essential Nutrition Bar, Graduates Toddlers Pasta Pick Ups Chicken & Carrot Ravioli, Organic Atage 3 Nibbly Fingers Mangoes Carrots, Graduates Pasta Pick-ups -  Turkey & Vegetable Ravioli"
53715,"Sparkling Mineral Water, Natural Lemon Flavor, Banana, Mini Pretzels, Sparkling Mineral Water"
55047,"Sparkling Water Berry, Sparkling Lemon Water, Sparkling Water Grapefruit, Cran Raspberry Sparkling Water, Orange Sparkling Water"
58589,"Gluten Free Dark Chocolate Chunk Chewy with a Crunch Granola Bars, Popped Salted Caramel Granola Bars, Purified Water, Oats & Honey Gluten Free Granola, Popped Dark Chocolate with Sea Salt Granola Bar, Gluten Free Peanut Butter Dark Chocolate Chewy With a Crunch Granola Bars, Dark Chocolate Mocha Granola Bars"
59032,"Strawberry and Banana Fruit Puree, Seedless Red Grapes, Organic Sticks Low Moisture Part Skim Mozzarella String Cheese, Gogo Squeez Organic Apple Strawberry Applesauce on the Go, Baby Mum-Mum Organic Rice Rusks Original, Yellow Grape Tomatoes, Banana, Non Fat Raspberry Yogurt"
61434,"Organic Milk, Mighty 4 Essential Tots Spinach, Kiwi, Barley & Greek Yogurt Nutrition Blend, Peach,  Apricot & Banana Stage 2 Baby Food, Mighty 4 Kale, Strawberry, Amaranth & Greek Yogurt Tots Snack, Mighty 4 Sweet Potato, Blueberry, Millet & Greek Yogurt Tots Snack, Bag of Organic Bananas, Organic Strawberries, Organic Whole String Cheese, Organic Stage 4 Green Bean Pear & Pea Baby Food, Baby Food Stage 2 Sweet Potato Mango & Millet, Organic Large Grade AA Omega-3 Eggs, Organic Gala Apples, Organic Stage 4 Spinach Mango & Pear Baby Food, Organic Kiwi, Macaroni & Cheese, Organic Hass Avocado"
62045,"Packaged Grape Tomatoes, Blackberries, Seedless Cucumbers, Raspberries, Red Papaya"
63149,"Bing Cherries, Banana, Organic Whole Milk, Red Plum, Grape White/Green Seedless"
63309,"Clementines, Baby Cucumbers, Key Limes, Hass Avocados, Butter Lettuce, Raspberries"
64231,"Hass Avocados, Honeycrisp Apples, Rainbow Bell Peppers, Seedless Cucumbers, Reduced Fat 2% Milk, Fuji Apples"
64243,"Banana, Original Orange Juice, Guava Guayaba Nectar, Nutter Butter Cookie Bites Snak-Sak, Bread, Country Buttermilk, Naked Green Machine Boosted Juice Smoothie, Plastic Cup Squared Base - 30 CT, Raspberry Lemonade"
65293,"1 Liter, Nuts & Spices, Dark Chocolate Mocha Almond, Natural Artesian Water, Baked Caesar Snapea Crisps, Electrolyte Enhanced Water, Alkalized Water, Total 0% Nonfat Greek Yogurt, Baked Vegetable Brown Rice Snaps"
66547,Pure Water
66562,"Mini Seedless Watermelon Pack, Clementines, Packaged Grape Tomatoes, Strawberries, Small Curd Lowfat 2% Milkfat Cottage Cheese, Seedless Cucumbers, Sinfully Sweet Campari Tomatoes"
67584,"Hass Avocados, Fresh Asparagus, Strawberries, Non Fat Greek Yogurt, Organic Baby Spinach, Organic Crimini Mushrooms, Organic Unsweetened Almond Milk, Raspberries"
68828,"Organic Raspberry Passion Chia Beverage, Organic & Raw Strawberry Serenity Kombucha, Guava Mamma Vitality Beverage, Tangerine Juice, Defense Up Cold Pressed Fruit Smoothie, Sparkling Probiotic Drink Strawberry Acai Coconut, Total 2% All Natural Greek Strained Yogurt with Honey, Dark Chocolate Pretzels with Sea Salt, Organic Large Extra Fancy Fuji Apple, California Sourdough Bread, Banana, Half & Half, Black Berry Hibiscus Beverage, Beverage, Love Greens, Chia & Greens, Beet & Ginger, Gluten Free White Sandwich Bread, Protein Power Greens Smoothie, Premium Unsweetened Iced Tea, Organic Strawberry Lemonade Fruit Juice Drink, Trilogy Kombucha Drink, Organic Hass Avocado, Sparkling Probiotic Drink Mango Coconut"
70694,Simply Smart Gluten Free Breaded Chicken Breast Tenders
72508,"Mineral Water, Extra Fancy Unsalted Mixed Nuts, Sparkling Mineral Water"
73448,"Organic YoKids Very Berry Smoothies, Mild Cheddar Cheese Sticks, Grassmilk 2% Reduced Fat Milk"
74226,"Broccoli & Apple Stage 2 Baby Food, Strawberries, Organic Broccoli Florets, Stage 2 Blueberry, Pear, and Purple Carrot Baby Food, White Giant Paper Towel Rolls, Baby Mum-Mum Banana  Rice Rusks, Raspberries, Apple and Carrot Stage 2 Baby Food"
77791,"Savory Salmon, VitaminWater Zero™ XXX Acai Blueberry Pomegranate, Vitamin Water Zero Rise Orange"
78018,"Imported Mineral Water, Unsweetened Blackberry Water, Lime Flavored Flavored Sparkling Water, Pretzel Crisps Original Deli Style Pretzel Crackers"
79128,"Organic Cheddar Cheese Shapes, Sandwich Cracker Cheddar, Ultra Soft Facial Tissues, Hand Towels"
79896,"Broccoli Florettes, Packaged Grape Tomatoes, Organic Fuji Apples, Hass Avocados, Bag of Organic Bananas, 100% Pure Grape Juice, Sliced Muenster Cheese, Organic Baby Spinach, Bunny-Luv Organic Carrots, Seedless Cucumbers"
80369,"Organic Sticks Low Moisture Part Skim Mozzarella String Cheese, Flaky Biscuits, Organic Whole Milk with DHA Omega-3, Banana, Organic Chocolate 1% Milk with DHA Omega-3, Mediterranee Cappuccino Yogurt, Lemonade, Organic Avocado"
80422,"Spring Water, Organic Cold Brew Coffee"
81330,"Organic Milk, Almondmilk Creamer, Vanilla, Sparkling Water Grapefruit"
82491,"Peanut Butter Chocolate Chip Macrobar, Cookie Dough Nutrition Bar, Instant Oatmeal Variety Pack, Organic Gala Apples, Nuts And Seeds Energy Bar"
84724,"Natural Artesian Water, Sparkling Natural Mineral Water"
85275,"Organic Lemon, Bag of Organic Bananas, Organic Pears, Peas and Broccoli Puree Stage 1"
85622,"Tilapia Filet, Bag of Organic Bananas, Organic Large Extra Fancy Fuji Apple, Organic Raspberries"
86218,"Bag of Organic Bananas, Smoked Turkey Bacon, Dinner Rolls"
87197,Organic Spring Mix
87715,"Organic Strawberries, Banana, Organic Whole Milk"
88952,"Sparkling Water Berry, Brownberry 100% 12 Grain Bread, Sparkling Lemon Water, Banana, Lime Sparkling Water, Cran Raspberry Sparkling Water, Orange Sparkling Water"
89604,"Hass Avocados, Bag of Organic Bananas, Fresh Asparagus, Organic Baby Spinach, Romaine Hearts"
90273,"Packaged Grape Tomatoes, Bag of Organic Bananas, Seltzer Water, Rainbow Bell Peppers"
93199,"Organic Love Crunch Granola Dark Chocolate & Red Berries, Fat Free Strawberry Yogurt, Fat Free Blueberry Yogurt, Total 0% Raspberry Yogurt"
94269,"Sparkling Lemon Water, Banana, Sparkling Water Grapefruit"
94455,"Organic Stage 2 Carrots Baby Food, XL Emerald White Seedless Grapes"
94816,"Vitaminwater Zero Glow Strawberry Guanabana, Revive Zero Vitamin Water, VitaminWater Zero™ XXX Acai Blueberry Pomegranate, Vitamin Water Zero Squeezed Lemonade, Sugar Free Chocolate Vanilla Swirls Pudding, Zero Go-Go Mixed Berry Vitamin Water, Vitamin Water Zero Rise Orange, Fudgsicle No Sugar Added, Zero Vitamin Water"
95077,"Hass Avocados, Fresh Asparagus, Honeycrisp Apples, Non Fat Greek Yogurt, Organic Low Fat Milk, Sinfully Sweet Campari Tomatoes, Mozzarella di Bufala Campana, Raspberries"
96408,"Pure Coconut Water, Blueberry Muffin Bar, Lemon Fruit & Nut Food Bar, Peanut Butter & Jelly Fruit & Nut Food Bar, Peanut Butter Chocolate Chip Fruit & Nut Food Bar, Unsweetened Almondmilk, Banana, Pita Chips Simply Naked, Roasted & Salted Almonds, Gluten Free Pretzel Twists, Real Sweet Potato Vegetable Chips"
98459,"Sparkling Concord Juice Grape, Broccoli Florettes, Seedless Red Grapes, Fully Husked & Trimmed Super Sweet Corn, Hass Avocados, Strawberries, Raspberries"
99335,
99792,"Regular, Strawberry Yogurt Melts, Nutramigen with Enflora LGG Powder, Graduates Grabbers Fruit & Yogurt Strawberry Banana, Organic Strawberry Banana Fruit Yogurt Smoothie, Bread, Country Buttermilk"
100463,"Cherry Pomegranate Greek Yogurt, Broccoli Crown, Yellow Grape Tomatoes, Chocolate Mint Builder's Bar, Shallot, Fat Free Strawberry Yogurt, Total 0% Raspberry Yogurt, Builder's Chocolate Peanut Butter Bar, Ricotta Salata Cheese, Total 2% Lowfat Greek Strained Yogurt with Peach, Organic Baby Kale, Cookies 'N Cream Protein Bar, Chocolate Builder's Protein Bar, Organic Avocado, Cucumber Kirby"
101210,"Whole Milk, Happy Baby Spinach, Mango, and Pear Baby Food, Orange Bell Pepper, Banana, Some Pulp Orange Juice, Apples, Guavas & Beets Organic Baby Food"
102966,"Kombucha Gingerade, Guava Goddess Organic Kambucha, Liquid Egg Whites, Banana, Boneless Skinless Chicken Breasts, Organic Zucchini, Trilogy Kombucha Drink, Synergy Organic Kombucha Gingerberry"
106177,"Sparkling Probiotic Drink Strawberry Acai Coconut, Sparkling Tangerine Probiotic Drink, Organic Hibiscus Berry Sparkling Probiotic Drink, Sparkling Pineapple Coconut Probiotic Drink, Sparkling Probiotic Drink Mango Coconut, Coconut Bliss Frozen Dessert, Dark Chocolate"
106806,"Organic Whole Grassmilk Milk, Organic Apple Raisin & Quinoa Stage 2 Baby Food, Peach,  Apricot & Banana Stage 2 Baby Food, Organic Red Bell Pepper, Direct Trade Organic El Gallo Breakfast Blend Whole Bean Coffee, Organic Protein Chewy Peanut Butter Chocolate Chip Granola Bars, Bag of Organic Bananas, Baby Food Stage 2 Pumpkin Banana, Honeycrisp Apples, Grade A Goat Milk, Liquid Egg Whites, Total 0% Greek Yogurt, Organic Strawberries, Organic Baby Spinach, Organic Banana Blueberry Baby Food Puree, Organic Blackberries, Half & Half, Organic Raspberries, Stage 2 Sweet Potato Corn & Apple Baby Food, Spinach Peas & Pear Stage 2 Baby Food, Baby Food Stage 2 Blueberry Pear & Purple Carrot, Apple and Carrot Stage 2 Baby Food"
107839,"Ice Bag, Superberry Kombucha, Cage Free Large White Eggs, Banana, Organic Blackberries, Organic Whole Milk, Organic Raspberries, Trilogy Kombucha Drink, Unsweetened Original Almond Breeze Almond Milk, Synergy Organic Kombucha Gingerberry"
108459,"Red Bell Peppers, Hass Avocados, Strawberries"
110260,"Sweet Spirulina Sprouted Bar, Synergy Organic & Raw Cosmic Cranberry, Millennium Organic Cherry Chia Synergy Kombucha, Original Black Bean with Sea Salt Bean Chips"
110695,"Organic Seaweed Black Sesame Super Seed Crackers, Organic Jalapeno Crackers, Enlightened Organic Raw Kombucha, Organic Raw Kombucha Gingerade, Organic Lowfat 1% Milk, Trilogy Kombucha Drink, Synergy Organic Kombucha Gingerberry"
110727,"2% Lactose Free Milk, Strawberries, Reduced Fat 2% Milk, Organic Apple Slices, Raspberries, Split Top Wheat Bread"
111128,"Cinnamon Raisin Bread, Yobaby Organic Plain Yogurt, Baby Food Pears Squash, Peach Mango Stage 2 Baby Food, Bag of Organic Bananas, Just Mangos Organic Baby Food, Super Smooth Pears Pears Pears Puree 1 (from 4 Months), Organic Baby Spinach, Real Aged Cheddar Macaroni & Cheese, Organic Whole Milk, Peter Rabbit Organics Kale Broccoli and Mango Purée, Croissants, Curate Cherry Lime Sparkling Water, Apple Plum Kamut Stage 2 Baby Food, Organic Fat Free Milk, Vegetable Turkey Dinner Stage 2, Organic Kiwi, Baby Food Stage 2 Blueberry Pear & Purple Carrot, Harvest Squash Turkey Country Dinner For Children 6 Months & Up"
112693,"Pure Sparkling Water, Sparkling Water Berry, Coconut Almond Creamer Blend, Peach Pear Flavored Sparkling Water, Sparkling Water Grapefruit, Coconut Almond Unsweetened Creamer Blend"
115140,"Organic Milk, Organic Reduced Fat 2% Milk, Cran-Raspberry Flavored Sparkling Water, Kiwi Sandia Sparkling Water, Tangerine, Pita Chips, Simply Naked, Party Size, NiCola Sparkling Water, Half & Half, Curate Cherry Lime Sparkling Water, Passionfruit Sparkling Water, Lemon Sparkling Water, Blackberry Cucumber Sparkling Water, Curate Pomme Baya-Apple Berry Sparkling Water, Curate Melon Pomelo Sparking Water, Unsweetened Original Almond Breeze Almond Milk, Grapefruit Sparkling Water"
115314,"Kiwi Sandia Sparkling Water, Banana, Peach Pear Flavored Sparkling Water, Organic Fuji Apple, Organic Granny Smith Apple, Blackberry Cucumber Sparkling Water, Sparkling Water Grapefruit"
119460,"Key Limes, Hass Avocados, Strawberries, Green Seedless Grapes, Beefsteak Tomatoes"
119913,Natural Artesian Water
121582,Electrolyte Enhanced Water
122496,Spring Water
123264,"Clementines, Hass Avocados, Paneer, Reduced Fat 2% Milk, Soft & Smooth Made with Whole Grain White Twin Pack Bread"
123531,"Organic Blackberry Blend Juice, Organic Reduced Fat 2% Milk, Cold-Pressed Organic Apple, Organic Just Greens Juice Blend, Organic Strawberry Banana Juice, Organic Blueberry B Mega, Whole Jersey Milk Low Pasteurized, Low fat Chocolate Milk, Organic Carrot Beet Celery Juice"
125185,"Soda, Dry Roasted Almonds, Spring Water"
126154,"Restaurant Style Organic Chia & Quinoa Tortilla Chips, Unsweetened Almond Milk, Bag of Organic Bananas, Organic Sunflower Butter Chocolate Macrobar, Sweet Rejuvenation Cashew Butter Macrobar, Organic Baby Arugula, Organic Baby Spinach, Sierra Trail Mix Energy Bar, Organic Cucumber, Macrobar Prolonged Powder Banana + Almond Butter, Organic Hemp Plus Granola Cereal, Organic Gala Apples, Organic Almond Butter With Carob Macrobar"
127773,"Yerba Mate Sparkling Classic Gold, Lowfat Vanilla Yogurt, Classic Cosmic Cranberry Kombucha, Passionberry Bliss Kombucha Drink, Organic 100% Grapefruit  Juice, Organic Grapefruit Ginger Sparkling Yerba Mate, Lemon Ginger Sparkling Probiotic Drink, Real Coconut Water, Organic Sweet Beets Juice, Classic Strawberry Serenity Kombucha, Trilogy Kombucha Drink, Synergy Organic Kombucha Gingerberry"
128206,"Blueberry Muffin Bar, Chocolate Chip Cookie Dough Bar, Apple Honeycrisp Organic, Toasted Coconut Chips Original Recipe, Mint Chocolate Chip High Protein Bar, Summer Strawberry Fruit Strip, Chocolate Mint Builder's Bar, Builder's Chocolate Peanut Butter Bar, Sesame Roasted Seaweed Snacks, Coconut Chia Bar, Mediterranean Vegetable Chips, Gluten Free Lemonzest Nutrition bar, Banana, Iced Oatmeal Cookie Kid Z Bar, Boomchickapop Sea Salt Popcorn, Granola Bar Peanut Butter, Acai Berry Chia Bar, Brownie Crunch High Protein Bar, Organic Granny Smith Apple, Organic Z  Mixed Berry Fruit Rope, Organic Bagged Mini Dark Peanut Butter, Protein Bar, High, Cookies & Cream, Organic Dark Chocolate Peanut Butter Cups, Cheery Cherry ZFruit and Veggie, Tortilla Chips, Clasico, Jalapeno Lime, Organic Half & Half"
128338,"Vanilla Almond Breeze Almond Milk, Bag of Organic Bananas, Multigrain Pita Chips, 2% Reduced Fat Organic Milk"
128627,"Organic Four Bean Feast Baby Food, Yotoddler Organic Pear Spinach Mango Yogurt, Monterey Jack Cheese, Stage 1 Apples Sweet Potatoes Pumpkin & Blueberries Organic Pureed Baby Food, Apple Peach Oatmeal Stage 2, Pears, Kale & Spinach Organic Baby Food, Baby Food Pears Squash, Organic Stage 2 Pear Apricot Barley Baby Food, Stage 3 Hearty Meals - Chick Chick Organic Baby Food, Love My Veg Banana, Beet, Squash, Blueberry, Wholesome Breakfast Blueberry Banana, Organic Whole Milk with DHA Omega-3, Organic Pineapple Orange Banana Fruit Yogurt Smoothie, Organic Stage 4 Green Bean Pear & Pea Baby Food, Banana, Pita Chips Simply Naked, Original Semisoft Cheese, Gobble Gobble Turkey Pouch Stage 3, Apples, Pumpkin & Carrots Organic Baby Food, Stage 2 Pear Pumpkin Baby Food, Apples, Guavas & Beets Organic Baby Food, Apple Plum Kamut Stage 2 Baby Food, Sinfully Sweet Campari Tomatoes, Baby Food Meals, Blueberry Whole Milk Yogurt Pouch, Pizza Sauce, Milk and Cookies Ice Cream, Creamy Deluxe Macaroni Dinner Elbows & Four Cheese Sauce, Organic Whole Milk Strawberry Beet Berry Yogurt Pouch, Apples + Strawberries Organic Nibbly Fingers, Apples, Kale & Avocados Organic Baby Food, Organic Pear Mango Fruit Yogurt Smoothie, Honeycrisp Apple, S'mores Chocolate Ice Cream, Banana Raspberry & Brown Rice Stage 2, Organic Avocado, Organic Beans & Rice Cheddar Cheese Burrito"
129397,"Carrot and Broccoli Baby Food Puree, Whole Milk Plain Yogurt, Organic Whole String Cheese, Organic Strawberry Banana Fruit Yogurt Smoothie, Stage 1 Organic Green Bean Baby Food, Electrolyte Enhanced Water, Organic Cucumber, Organic Pear Mango Fruit Yogurt Smoothie, Organic Avocado"
132882,"Peach-Pear Sparkling Water, Low-Fat Strawberry Banana on the Bottom Greek Yogurt, Cran-Raspberry Flavored Sparkling Water, Cheddar & Sour Cream Potato Chips, Coconut Sparkling Water, Low Fat Key Lime Blended Greek Yogurt, Blueberry on the Bottom Nonfat Greek Yogurt, Passionfruit Sparkling Water, Peach on the Bottom Nonfat Greek Yogurt, Raspberry on the Bottom Nonfat Greek Yogurt, Lemon Sparkling Water, 2% Reduced Fat Organic Milk, Natural Pure Sparkling Water, Strawberry on the Bottom Nonfat Greek Yogurt, Coconut Blended Greek Yogurt, Orange Sparkling Water"
133540,"Mozzarella String Cheese, Clementines, Packaged Grape Tomatoes, Organic Simply Naked Pita Chips, Strawberries, Organic Low Fat Milk, Blackberries, Raspberries"
136288,"Organic Whole Milk with DHA Omega-3, Sparkling Water Berry, Banana, Boomchickapop Sea Salt Popcorn, Half & Half, Organic Fuji Apple, of Hanover 100 Calorie Pretzels Mini, Lime Sparkling Water, Sparkling Water Grapefruit, Cereal Honey Bears"
136302,"Kiwi Sandia Sparkling Water, Pure Sparkling Water, Sparkling Water Berry, Sparkling Lemon Water, Peach Pear Flavored Sparkling Water, Organic White Cheddar Popcorn, Lime Sparkling Water, Blackberry Cucumber Sparkling Water, Sparkling Water Grapefruit, Curate Melon Pomelo Sparking Water"
137789,"Italian Sparkling Mineral Water, Organic Homestyle Mini Waffles, Ginger Ale Soda, Organic Whole Milk with DHA Omega-3, Organic Strawberries, Asparation/Broccolini/Baby Broccoli, Organic Red On the Vine Tomato"
138285,"Organic Sticks Low Moisture Part Skim Mozzarella String Cheese, Organic Eggs Large, Banana, Organic Baby Spinach Salad, Organic Whole Milk, Organic Gala Apples, Sesame Street Organic Original Cruchin' Cracker, Organic Granny Smith Apple, Ebony Black 1N Permanent Hair Color, Harvest Squash Turkey Country Dinner For Children 6 Months & Up, Total 0% Nonfat Greek Yogurt, Large Lemon"
139167,"Hass Avocados, Strawberries, Organic Spring Mix"
139486,"Packaged Grape Tomatoes, Baby Cucumbers, Bag of Organic Bananas, Strawberries, Blackberries, USDA AA Extra Large Eggs, Organic Blueberries, Organic 2% Milk, Celery Sticks"
140593,"Cinnamon Raisin Bread, Natural Artesian Water, Banana, Sweet Potato Apple Stage 2 Baby Food, Michigan Organic Kale, Organic Garnet Sweet Potato (Yam)"
141083,"Smartwater, Beet Apple Carrot Lemon Ginger Organic Cold Pressed Juice Beverage, Apple Lemon Cayenne Ginger"
141761,"Seedless Red Grapes, Clementines, Baby Cucumbers, Strawberries, Green Seedless Grapes, Trail Mix, Raspberries"
143031,"100% Raw Coconut Water, Natural Artesian Bottled Water, Organic Raw Multigreen Kobmbucha"
145121,"Bag of Organic Bananas, Carrots, Organic  Whole Milk"
145469,"Gluten Free Peanut Butter Berry  Chewy With A Crunch Granola Bars, Gluten Free Dark Chocolate Chunk Chewy with a Crunch Granola Bars, Granny Smith Apples, Bag of Organic Bananas, Oats & Honey Gluten Free Granola, Pita Chips Simply Naked, Half & Half, Clementines, Bag, Original Hummus, Gluten Free Peanut Butter Dark Chocolate Chewy With a Crunch Granola Bars, Organic Granny Smith Apple, Total 2% All Natural Low Fat 2% Milkfat Greek Strained Yogurt, Red Delicious Apple, Dark Chocolate Mocha Granola Bars"
147326,"Fruit Naturals No Sugar Added Red Grapefruit in Artificially Sweetened Water Fruit, Skim Milk, Mocha Cappuccino, Banana, Strawberry Lowfat Yogurt, Black Cherry Lowfat Yogurt, Premium Calcium & Vitamin D No Pulp Orange Juice"
147979,"Blackberries, Sweet Kale Salad Mix, Raspberries"
147980,"1% Lowfat Milk, Rustic Baguette, Organic Hass Avocado"
148611,"S'mores Luna Bar, Sweet Potato Tortilla Chips, Chocolate Dipped Coconut, Organic Fuji Red Apple Chips, Coconut Chia Bar, Caramel Nut Brownie, Bare Fruit Banana Chips, Acai Berry Chia Bar, Chocolate Peanut Butter, Original Instant Oatmeal"
148993,"Carrot and Broccoli Baby Food Puree, Organic Apple Raisin & Quinoa Stage 2 Baby Food, Organic Original Almond Milk, Whole Wheat Bread, Baby Food Stage 2 Pumpkin Banana, Banana, Electrolyte Enhanced Water, Spinach Peas & Pear Stage 2 Baby Food, Organic Stage 3 Pear Carrot Apricot Baby Food, Baby Food Stage 2 Blueberry Pear & Purple Carrot"
151100,"Berries GoMega Smoothie Blend, Mango Tango Fruit Smoothie Blend, Synergy Organic & Raw Green Chia Kombucha, Arancita Rossa, Chai Vanilla Protein Protein Shake, Organic & Raw Strawberry Serenity Kombucha, New Orleans Iced Coffee, Strawberry Banana Flavored 4 Juice Smoothie Blend, Synergy Organic & Raw Cosmic Cranberry, Organic Raw Multigreen Kobmbucha, Cherry, Dark Chocolate & Almond Granola bar, Original Super Soy Protein Tropical Flavored Shake, Raspberries Dark Chocolate Bar, Apricot  Walnut & Coconut Granola Bar, Strawberry C Monster Smoothie, Guava Goddess Organic Kambucha, Organic Spring Jasmine Green Tea, Enlightened Organic Raw Kombucha, Chocolate Protein Soy & Dairy Protein Shake, Kombucha, Organic Raw, Citrus, Passionberry Bliss Kombucha Drink, Original Superfood Fruit Smoothie Blend, Millennium Organic Cherry Chia Synergy Kombucha, Mo' Beta Fruit Smoothie Blend, Banana, Red Rhapsody  Fruit Smoothie Blend, Organic Raw Kombucha Gingerade, Strawberry Protein Shake, Citrus C Monster Smoothie, Orange Peel In Dark Chocolate Bar, Trilogy Kombucha Drink, Blueberry B Fruit Smoothie, Blueberry Protein Shake, Synergy Organic Kombucha Gingerberry"
152269,"Berries GoMega Smoothie Blend, Milk, Reduced Fat, 2% Milkfat, Unsweetened Coconut Water, Trilogy Kombucha Drink, Blueberry B Fruit Smoothie"
153121,"Asiago Cheese Sourdough Bread, Organic 1% Milk, Organic Lori's Lemon Tea"
154557,"Pears, Kale & Spinach Organic Baby Food, Baby Food Pears Squash, Spring Water, Banana, Organic Whole Milk, Apples, Pumpkin & Carrots Organic Baby Food, Stage 2 Pear Pumpkin Baby Food, Apples, Guavas & Beets Organic Baby Food, Apples, Kale & Avocados Organic Baby Food, Bananas, Raspberries & Oats Organic Baby Food, Organic Avocado"
154748,"Packaged Grape Tomatoes, Baby Cucumbers, Hass Avocados, Strawberries, Roasted Pine Nut Hummus, Heavy Whip Cream, Sinfully Sweet Campari Tomatoes, Raspberries"
157231,"Organic Infant Formula With Iron, Sweet Orange Vanilla Honest Shampoo + Body Wash"
158015,"Passionfruit Sparkling Water, Lemon Sparkling Water, Grapefruit Sparkling Water, Orange Sparkling Water"
158053,"Organic Shredded Mild Cheddar, Gluten Free SpongeBob Spinach Littles, Peach,  Apricot & Banana Stage 2 Baby Food, YoBaby Peach Pear Yogurt, Soft Pretzel Burger Buns, Peter Rabbit Organics Mango, Banana and Orange Puree, Organic Grade A Free Range Large Brown Eggs, Organic All Natural Blueberry Mini Waffles, Organic Cheese Frozen Pizza, Banana, Sausage Buns, Fiber & Protein Organic Pears, Raspberries, Butternut Squash & Carrots Snack, Raspberry, Blueberry Banana Fruit Puree, Baby Food Stage 2 Blueberry Pear & Purple Carrot, Pear Kiwi & Kale Baby Food, Organic Sunny Days Apple Snack Bars, Banana, Peach and Mango Fruit Pouch"
158937,"Blueberries, Pineapple Spears, Strawberries, Blackberries, Red Seedless Grapes, Sinfully Sweet Campari Tomatoes, Organic Spring Mix, Raspberries"
159853,"Organic Whole Grassmilk Milk, Organic Super Berry Juice, Organic Greens & Pineapple Juice Blend, Banana, Organic Roots Juice, Organic Blueberry B Mega, Organic Cold Pressed Carrot Juice, Mango CoGo Smoothie"
159925,"Stage 1 Apples & Strawberries Organic Pureed Baby Food, Italian Sparkling Mineral Water, Organic Baby Food Banana Beet & Blueberry, Mighty 4 Kale, Strawberry, Amaranth & Greek Yogurt Tots Snack, Wholesome Breakfast Blueberry Banana, Spring Water, Organic Kiwi, Whole Organic Omega 3 Milk"
161810,"Mini Seedless Watermelon Pack, Clementines, Baby Cucumbers, Hass Avocados, Strawberries, Corn Tortillas, Romaine Hearts, Sweet Kale Salad Mix, Organic 2% Milk, Raspberries"
161994,"Red Bell Peppers, Clementines, Whole Bean French Roast Dark Roast Blend Extra Bold Coffee, Hass Avocados, Gourmet Tomato Medley, Raspberries"
162352,"Granny Smith Apples, Dairy Pure Whole Milk, Sparkling Lemon Water, Banana, Lime Sparkling Water, Gala Apples, Sparkling Water Grapefruit"
162844,Bag of Organic Bananas
165020,"Hass Avocados, Fresh Asparagus, Raspberries"
165302,"Antioxidant Infusions Brasilia Blueberry, S'mores Luna Bar, 100% Raw Coconut Water, Black Tea Variety Pack, Gluten Free Dark Chocolate Chunk Chewy with a Crunch Granola Bars, Kit's Organic Cashew Fruit & Nut Bar, Sparkling Natural Spring Water, Banana Nut Bread Energy Bar, Bag of Organic Bananas, Skim Milk, Organic Protein Bar Cocoa Almond, Protein Bar Mint Chocolate, Peanut Butter & Jelly Fruit & Nut Food Bar, 2% Reduced Fat Milk, Banana, Small Macintosh Apple, Chocolate Sea Salt, Lime Sparkling Water, Mojo Peanut Butter Bar, Mojo Chocolate Almond Coconut Bar, Gluten Free Peanut Butter Dark Chocolate Chewy With a Crunch Granola Bars, Crunchy Peanut Butter Builder's Bar, Organic Protein Cocoa Coconut Bar, 1 Apple + 1 Mango Fruit Bar, Sparkling Water Grapefruit, Organic Dark Chocolate Peanut Butter Trail Mix Bar, Whole Wheat Blueberry Fig Bars"
165960,All Natural Lemonade
167611,"Plus Cranberry Almond + Antioxidants with Macadamia Nuts Bar, Nuts & Spices, Dark Chocolate Mocha Almond, Total 2% All Natural Greek Strained Yogurt with Honey, Fat Free Strawberry Yogurt, Fat Free Blueberry Yogurt, Fruit & Nut Bar Raspberry Cashew & Chia, Banana, Total 0% with Honey Nonfat Greek Strained Yogurt, Half & Half, Organic Fuji Apple, Dark Chocolate Almond & Coconut Fruit & Nut Bar, Almond & Apricot Bar, Organic Gala Apples, Gluten Free Peanut Butter Dark Chocolate Chewy With a Crunch Granola Bars, Organic Granny Smith Apple"
168128,"Plain Soymilk Creamer, Creamy Wildflower Honey, Sparkling Water Berry, Banana, Organic Fuji Apple, Chocolate Almond & Sea Salt with Chia Granola Bars, Lime Sparkling Water, Sparkling Water Grapefruit"
168925,"Peach Parfait Breakfast Smoothie, Bag of Organic Bananas"
169731,"The Red ONe: Squished Fruit Smoothies, Imported Mineral Water, Organic Sticks Low Moisture Part Skim Mozzarella String Cheese, Smoothie Fruits Squished The Purple One Over 6 Months, Large Alfresco Eggs, Bag of Organic Bananas, Vanilla Skyr Nonfat Yogurt, Organic Raspberries, Icelandic Style Skyr Blueberry Non-fat Yogurt, Organic Fiber & Protein Pear Blueberry & Spinach Baby Food, Goat Milk, Fiber & Protein Organic Pears, Raspberries, Butternut Squash & Carrots Snack, Yogurt, Strained Low-Fat, Coconut, Organic Pearfecto Level 1 Baby Food, Pear Kiwi & Kale Baby Food, Grape White/Green Seedless, Organic Hass Avocado"
172483,"Grilled Chicken Breast, Natural Spring Water, Organic Frozen Peas, Wholesome Breakfast Blueberry Banana, Organic Strawberries, Banana, Organic Whole Milk"
174403,"Red Bell Peppers, Baby Cucumbers, Hass Avocados, Bag of Organic Bananas, Strawberries, Seltzer Water, Seedless Cucumbers"
175139,"Sparkling Spring Water, Organic Lemon, Bag of Organic Bananas, Organic Granny Smith Apple"
175260,"Stage 1 Apples Sweet Potatoes Pumpkin & Blueberries Organic Pureed Baby Food, Natural Artesian Water, Mini & Mobile, Banana, Organic 4 Months Butternut Squash Carrots Apples + Prunes Baby Food, Organic Apples, Carrots and Parsnips Puree, Organic Pears, Peas and Broccoli Puree Stage 1"
175707,"Strawberries, Spring Water, Drinking Water"
177004,"Hearts Of Palm, Baby Cucumbers, Hass Avocados, Bag of Organic Bananas, Seedless Cucumbers"
177361,"Mini Seedless Watermelon Pack, Clementines, Packaged Grape Tomatoes, Baby Cucumbers, Hass Avocados, Strawberries, Spring Water, Organic Low Fat Milk, Mineral Water, Raspberries"
178632,"Organic Milk Reduced Fat, 2% Milkfat, Organic Spinach Bunch, Organic Strawberries, Banana"
179214,"2% Reduced Fat DHA Omega-3 Reduced Fat Milk, Peach,  Apricot & Banana Stage 2 Baby Food, Bag of Organic Bananas, Organic Hass Avocado, Organic Garnet Sweet Potato (Yam)"
179558,"Sparkling Water Berry, Sparkling Lemon Water, Banana, Lime Sparkling Water, Sparkling Water Grapefruit"
180962,"Baked Aged White Cheddar Rice and Corn Puffs, Organic Mushroom & Olive Pizza, YoBaby Peach Pear Yogurt, Bag of Organic Bananas, YoKids Squeezers Organic Low-Fat Yogurt, Strawberry, Organic Ezekiel 4:9 Sesame Bread, Organic Kiwi, Organic Tomato Cluster"
181555,"Yogurt, Organic, Lowfat, Plain, Bag of Organic Bananas, Reduced Fat Milk 100% Lactose Free, Orange Juice, Apples, Kale & Avocados Organic Baby Food, Organic 21 Grain Thin Sliced Bread"
182221,"Tangerine, All Natural Apricot Sparkling Water, Peach Pear Flavored Sparkling Water, Passionfruit Sparkling Water, Sparkling Mineral Water, Cran Raspberry Sparkling Water, Orange Sparkling Water"
185056,"Half & Half, Organic Whole Milk, Spinach Peas & Pear Stage 2 Baby Food, Pear & Mango Stage 2 Baby Food"
185562,"Greek Whole Milk Blended Blueberry Yogurt, Seedless Red Grapes, Gluten Free Dark Chocolate Chunk Chewy with a Crunch Granola Bars, Organic Blue Corn Tortilla Chips, Oats & Honey Gluten Free Granola, Organic Strawberries, White Cheddar Semisoft Cheese, Banana, Boomchickapop Sea Salt Popcorn, Half & Half, Organic Whole Milk, Organic Gala Apples, Organic Blended Raspberry Whole Milk Greek Yogurt, Organic Blueberries, Organic Greek Whole Milk Blended Strawberry Yogurt, Gluten Free Dark Chocolate High Protein Bar, Whole Milk Greek Blended Vanilla Bean Yogurt, Organic Greek Plain Lowfat Yogurt, Organic Half & Half"
187511,"Organic Fuji Apples, Seedless Cucumbers"
187723,"Mini Original Babybel Cheese, Mascarpone"
187956,"Baby Cucumbers, Organic Strawberries, Seedless Small Watermelon, Organic Egg Whites, Sweet Kale Salad Mix"
188129,"Unsweet Blackberry Sparkling Water, Unsweetened Blackberry Water, Water, Unsweet, Blood Orange, Unsweetened Pomegranate Essence Water, Grapefruit Fizz Water, Lemon Ginger Sparkling Probiotic Drink, Raspberry Essence Water"
188855,"Blackberries, Raspberries"
189220,"Superfood Slam Bar, Truffle Popcorn, Honey Greek Yogurt, Pecan Pie Fruit & Nut Food Bar, Organic Brown Rice Snaps Unsalted Plain, Mediterranean Vegetable Chips, Banana, Original Hummus, Pumpkin Bar Sprouted Bar, Apple Pie Fruit & Nut Food Bar, Red Delicious Apple, Organic Small Bunch Celery"
190517,"Natural Spring Water, Bag of Organic Bananas, Natural Artesian Water, Organic Large Extra Fancy Fuji Apple, Spring Water, Organic Gala Apples, Organic Hass Avocado"
192021,Distilled Water
193698,"Organic Whole Grassmilk Milk, Smoothie Fruits Squished The Purple One Over 6 Months, Banana"
193995,"Pomegranate Blueberry Sparkling Water, Classic Lemonade, Pink Grapefruit, Banana"
194964,"Organic Low Fat Milk, Blackberries, Organic Blueberries"
196932,"Unsweet Peach Water, Unsweetened Strawberry Kiwi Water, Sparkling Mineral Water, Natural Lemon Flavor, Natural Lime Flavor Sparkling Mineral Water, Mango Grapefruit Water, Unsweetened Blackberry Water, Humboldt Fog, Unsweetened Pear Essence Water, Unsweet Pineapple Water, Midnight Moon, Jalapeno Hummus, Unsweetened Watermelon Water, Dark Chocolate Pretzels with Sea Salt, Water, Unsweet, Blood Orange, Unsweetened Pomegranate Essence Water, Peach Pear Flavored Sparkling Water, Double Chocolate Chip Cookies, Unsweetened Honeydew Essence Water, Water, Unsweet, Crisp Apple, Unsweetened Premium Iced Tea, Raspberry Essence Water, Very Berry Flavor Sparking Mineral Water"
197502,"Organic Original Hommus, Organic Fruit Yogurt Smoothie Mixed Berry, Bag of Organic Bananas, Love My Veg Banana, Beet, Squash, Blueberry, Blueberry Oats and Quinoa Whole Grain Snack, Organic Stage 4 Green Bean Pear & Pea Baby Food, Organic Pears, Apples, Peaches, Pumpkin + Cinnamon Fiber & Protein Snack, Organic Mashups Mixed Berry, Organic Whole Milk, Organic Fiber & Protein Pear Blueberry & Spinach Baby Food, Fiber & Protein Organic Pears, Raspberries, Butternut Squash & Carrots Snack, Guacamole, Pear Kiwi & Kale Baby Food"
198729,"Watermelon Chunks, Red Machine Juice Smoothie, Organic Raspberries, Organic Raw Kombucha Gingerade, Umcka Cold+Flu Chewable Tablets Berry Flavor - 20 CT, Cold-pressed, Deliciously Hydrating Watermelon Water, Apple Lemon Cayenne Ginger, Natural Pure Sparkling Water, Trilogy Kombucha Drink"
199735,
201315,Bag of Organic Bananas
202401,"Broccoli Florettes, Strawberries, Blackberries, Rainbow Bell Peppers, Grilled Chicken Strips, Raspberries"
202915,"Total 2% Lowfat Greek Strained Yogurt With Blueberry, Organic Reduced Fat 2% Milk, Organic & Raw Strawberry Serenity Kombucha, Synergy Organic & Raw Cosmic Cranberry, Organic Raw Multigreen Kobmbucha, Dark Chocolate Mint Snacking Chocolate, Kombucha, Organic Raw, Citrus, Organic String Cheese, Icelandic Style Skyr Blueberry Non-fat Yogurt, Organic Peeled Whole Baby Carrots, Trilogy Kombucha Drink"
202993,"Synergy Organic & Raw Green Chia Kombucha, 100% Raw Coconut Water, Italian Sparkling Mineral Water, Organic & Raw Strawberry Serenity Kombucha, Brown Eggs, Synergy Organic & Raw Cosmic Cranberry, Bing Cherries, Strawberries, Kombucha, Organic Raw, Lavender No. 3, Organic Strawberries, Millennium Organic Cherry Chia Synergy Kombucha, Banana, Red Mango, Organic Granny Smith Apple, Vine Ripe Tomatoes, Chocolate Eclair, Egg Salad, Grape White/Green Seedless, Organic Hass Avocado, Synergy Organic Kombucha Gingerberry"
203305,"Spring Water, Organic Fuji Apple, Sparkling Mineral Water"
203750,"Packaged Grape Tomatoes, Organic Spring Mix"
204090,"Seedless Red Grapes, Clementines, Packaged Grape Tomatoes, Hass Avocados, Bag of Organic Bananas, Sliced Muenster Cheese, Golden Pineapple"
204236,Clementines
205273,"Hass Avocados, Bag of Organic Bananas, Seedless Cucumbers"
205374,"Gluten Free SpongeBob Spinach Littles, Sesame Street Organic Homestyle Mini Pancakes, Banana, Cheddar Snack Crackers Cheddar Bunnies, Apples, Kale & Avocados Organic Baby Food, Organic Avocado"
